subscription_id,account_id,start_date,end_date,plan_tier,seats,mrr_amount,arr_amount,is_trial,upgrade_flag,downgrade_flag,churn_flag,billing_frequency,auto_renew_flag
S-8cec59,A-3c1a3f,2023-12-23,2024-04-12,Enterprise,14,2786,33432,0,0,0,1,monthly,1
S-0f6f44,A-9b9fe9,2024-06-11,NULL,Pro,17,833,9996,0,0,0,0,monthly,1
S-51c0d1,A-659280,2024-11-25,NULL,Enterprise,62,0,0,1,1,0,0,annual,0
S-f81687,A-e7a1e2,2024-11-23,2024-12-13,Enterprise,5,995,11940,0,0,0,1,monthly,1
S-cff5a2,A-ba6516,2024-01-10,NULL,Enterprise,27,5373,64476,0,0,0,0,monthly,1
S-4b9b13,A-fa2041,2024-08-13,NULL,Pro,15,735,8820,0,0,0,0,monthly,1
S-dceac6,A-417d2f,2023-12-30,NULL,Enterprise,4,796,9552,0,0,0,0,annual,1
S-8cad7b,A-5f2961,2024-12-23,NULL,Basic,16,304,3648,0,0,0,0,annual,1
S-24796e,A-cc8c8f,2024-11-27,NULL,Enterprise,23,4577,54924,0,0,0,0,annual,0
S-d0c344,A-80eeb6,2024-10-27,NULL,Pro,22,1078,12936,0,0,0,0,annual,0
S-477506,A-f03140,2024-02-06,NULL,Pro,27,1323,15876,0,0,0,0,annual,1
S-79a9e1,A-3a5ad8,2024-12-25,NULL,Enterprise,22,0,0,1,0,0,0,annual,1
S-59dc4b,A-f17767,2023-09-17,NULL,Pro,26,1274,15288,0,1,1,0,monthly,1
S-7acd8b,A-7920cc,2024-07-17,NULL,Basic,39,741,8892,0,0,0,0,annual,1
S-428e9a,A-8ae3fc,2024-10-12,NULL,Enterprise,88,0,0,1,0,0,0,monthly,1
S-486088,A-0cc442,2024-09-18,NULL,Pro,45,2205,26460,0,0,0,0,monthly,1
S-13939b,A-86902e,2023-07-21,2024-08-03,Pro,34,0,0,1,0,0,1,monthly,1
S-9333c5,A-ef84cf,2024-06-06,2024-08-13,Basic,8,152,1824,0,0,0,1,annual,0
S-37e3ad,A-b30291,2024-04-25,NULL,Basic,5,95,1140,0,0,0,0,monthly,1
S-b17d04,A-e19ff6,2024-03-06,NULL,Pro,8,392,4704,0,0,0,0,monthly,1
S-c27134,A-dec005,2024-03-31,NULL,Pro,21,0,0,1,0,0,0,monthly,1
S-3bd427,A-2e3bad,2024-12-04,2024-12-27,Basic,61,1159,13908,0,0,0,1,monthly,1
S-82989b,A-f5641b,2024-11-30,NULL,Basic,31,589,7068,0,0,0,0,monthly,1
S-082b15,A-aa9511,2024-02-09,NULL,Enterprise,97,19303,231636,0,0,0,0,annual,1
S-434140,A-075038,2024-02-25,NULL,Pro,17,833,9996,0,0,0,0,annual,1
S-c07ede,A-cea1f0,2024-10-07,NULL,Pro,8,392,4704,0,0,0,0,annual,0
S-287914,A-a1b80b,2024-08-15,NULL,Pro,16,784,9408,0,0,0,0,annual,1
S-b3bd43,A-b2225d,2024-11-03,NULL,Pro,50,2450,29400,0,0,0,0,monthly,0
S-4c82da,A-b9eed8,2024-08-01,NULL,Pro,11,539,6468,0,0,0,0,monthly,0
S-c75159,A-bcf87c,2024-08-22,2024-09-28,Enterprise,31,6169,74028,0,0,0,1,monthly,1
S-b5643b,A-9f9299,2024-06-11,NULL,Enterprise,28,5572,66864,0,0,0,0,annual,0
S-49a9aa,A-10b8f2,2023-06-16,NULL,Basic,51,969,11628,0,0,0,0,annual,1
S-2877e6,A-95b24a,2024-06-28,NULL,Enterprise,38,0,0,1,1,1,0,monthly,1
S-8c10c1,A-0651a4,2024-12-25,NULL,Enterprise,65,12935,155220,0,0,0,0,annual,1
S-d7d398,A-fb186e,2024-12-28,NULL,Enterprise,29,0,0,1,0,0,0,annual,1
S-ddad91,A-40906c,2024-06-21,NULL,Enterprise,92,0,0,1,0,0,0,annual,0
S-6762fa,A-40a557,2024-02-12,NULL,Enterprise,16,3184,38208,0,0,0,0,annual,1
S-bb1cf1,A-3a5ad8,2024-09-07,NULL,Enterprise,9,0,0,1,1,0,0,monthly,0
S-a805a5,A-2789e3,2024-09-18,NULL,Basic,33,627,7524,0,0,0,0,monthly,1
S-da0a69,A-49b828,2023-05-11,NULL,Pro,6,294,3528,0,0,0,0,monthly,1
S-59c5d7,A-c16b88,2024-10-19,NULL,Basic,35,665,7980,0,1,0,0,monthly,1
S-d3faae,A-5c9849,2024-11-12,NULL,Basic,19,361,4332,0,0,0,0,monthly,1
S-73a4e4,A-993085,2024-09-09,NULL,Pro,31,1519,18228,0,0,0,0,monthly,1
S-35c8a3,A-e4144b,2024-12-22,NULL,Enterprise,41,8159,97908,0,0,0,0,annual,1
S-99fbf7,A-7dacce,2024-09-10,NULL,Enterprise,12,2388,28656,0,0,0,0,annual,1
S-e97b9f,A-a0ca4e,2024-03-16,NULL,Enterprise,12,2388,28656,0,0,0,0,annual,1
S-763d33,A-ef84cf,2024-07-25,NULL,Basic,23,437,5244,0,0,1,0,annual,0
S-323782,A-7920cc,2024-02-22,NULL,Basic,39,741,8892,0,0,0,0,monthly,1
S-1cff18,A-2789e3,2024-10-03,NULL,Basic,11,209,2508,0,0,0,0,monthly,1
S-ad39ef,A-e40f45,2024-08-25,NULL,Pro,21,0,0,1,1,0,0,annual,1
S-bf806d,A-7c5768,2024-09-21,NULL,Basic,62,1178,14136,0,0,0,0,annual,1
S-36f6ec,A-ccb686,2024-08-16,NULL,Pro,21,1029,12348,0,1,0,0,monthly,1
S-aff55c,A-bb2f49,2024-01-14,2024-12-29,Pro,8,0,0,1,0,0,1,monthly,1
S-b9fc6c,A-2ebb4b,2023-06-16,NULL,Basic,41,779,9348,0,0,0,0,annual,1
S-7f8cd8,A-53f4e3,2024-09-18,2024-11-17,Enterprise,20,3980,47760,0,0,0,1,monthly,1
S-e912e6,A-a8d89d,2023-12-12,NULL,Enterprise,78,15522,186264,0,0,0,0,monthly,1
S-fef85a,A-7f8241,2024-08-06,NULL,Pro,34,1666,19992,0,0,0,0,annual,1
S-36d5c9,A-54ecc2,2023-09-16,NULL,Enterprise,11,2189,26268,0,0,0,0,monthly,1
S-b9ff15,A-95b24a,2024-01-08,NULL,Enterprise,43,8557,102684,0,0,0,0,annual,0
S-10bd09,A-bbc346,2024-09-03,NULL,Basic,50,950,11400,0,0,0,0,annual,1
S-12bfc8,A-31ab9a,2024-12-06,NULL,Enterprise,29,5771,69252,0,0,0,0,monthly,0
S-f5c472,A-faa28c,2024-07-09,NULL,Basic,48,912,10944,0,0,0,0,monthly,1
S-dbc1ca,A-8adedc,2024-04-24,NULL,Enterprise,14,2786,33432,0,0,0,0,annual,1
S-dc6dfd,A-e08cd3,2024-09-30,NULL,Pro,67,3283,39396,0,0,0,0,monthly,1
S-b2d472,A-bcf87c,2024-08-27,2024-12-11,Enterprise,10,1990,23880,0,0,0,1,annual,0
S-9dfce0,A-e6afc1,2024-08-30,NULL,Pro,2,98,1176,0,0,0,0,annual,1
S-9cb6a7,A-7f29a7,2024-12-21,NULL,Basic,41,779,9348,0,0,0,0,monthly,1
S-dabcd2,A-3ce5b8,2024-09-22,NULL,Pro,28,0,0,1,0,0,0,monthly,1
S-8c3cc8,A-b2225d,2024-10-17,NULL,Basic,47,0,0,1,0,0,0,monthly,1
S-2923fc,A-fa3095,2024-07-08,NULL,Enterprise,70,13930,167160,0,0,0,0,annual,1
S-f0a2e5,A-55f257,2024-06-05,NULL,Basic,23,0,0,1,0,0,0,annual,1
S-025bea,A-9affe6,2024-06-25,NULL,Pro,17,833,9996,0,1,0,0,monthly,1
S-0e499f,A-296d7c,2024-08-17,NULL,Pro,16,784,9408,0,0,0,0,annual,0
S-0267b7,A-65a46c,2024-10-17,2024-12-04,Enterprise,13,0,0,1,0,0,1,monthly,1
S-b5b9a5,A-812c5b,2024-07-25,NULL,Basic,55,1045,12540,0,0,0,0,monthly,1
S-8e45ba,A-7f8241,2023-12-13,NULL,Basic,34,646,7752,0,0,0,0,annual,0
S-37ed34,A-d4ac0e,2024-07-07,NULL,Enterprise,20,3980,47760,0,0,0,0,annual,1
S-65dbf3,A-17939a,2024-12-28,NULL,Basic,36,684,8208,0,0,0,0,monthly,1
S-ce5450,A-0a282f,2024-12-25,2024-12-28,Pro,8,0,0,1,0,0,1,annual,1
S-6c969d,A-855a48,2024-05-08,NULL,Basic,14,266,3192,0,0,0,0,monthly,0
S-522aef,A-f3ff05,2024-08-22,NULL,Pro,4,196,2352,0,0,0,0,annual,1
S-82db05,A-417d2f,2024-12-09,NULL,Pro,26,1274,15288,0,0,0,0,monthly,1
S-162596,A-462d45,2024-02-29,NULL,Pro,18,0,0,1,0,0,0,monthly,1
S-f703bd,A-202b67,2024-09-04,NULL,Pro,11,539,6468,0,0,0,0,monthly,1
S-a1d6ad,A-eafc6e,2024-09-01,NULL,Pro,27,1323,15876,0,0,0,0,monthly,1
S-8b1fc1,A-309e54,2024-12-26,NULL,Basic,15,0,0,1,0,0,0,monthly,1
S-09cdac,A-82861f,2024-07-31,2024-09-04,Basic,41,779,9348,0,0,0,1,annual,1
S-fa5301,A-ba6516,2024-03-14,NULL,Pro,55,0,0,1,0,0,0,monthly,0
S-69937b,A-08e34e,2024-08-08,NULL,Pro,14,686,8232,0,0,0,0,annual,0
S-f2537d,A-e43bf7,2024-01-24,NULL,Pro,44,2156,25872,0,0,0,0,monthly,1
S-27f7b2,A-a1b80b,2024-04-03,NULL,Basic,38,722,8664,0,0,0,0,annual,1
S-9c2b8e,A-443f6f,2024-12-26,NULL,Basic,19,361,4332,0,1,0,0,annual,1
S-a4f26d,A-32728c,2023-05-21,NULL,Pro,20,980,11760,0,0,0,0,monthly,1
S-0cb6ed,A-ac85cd,2024-11-09,2024-12-18,Pro,53,2597,31164,0,0,0,1,annual,1
S-367dee,A-e19ff6,2024-06-29,NULL,Pro,1,49,588,0,0,0,0,annual,1
S-3b9ad8,A-6e08f3,2024-12-24,NULL,Enterprise,28,5572,66864,0,0,0,0,monthly,0
S-c9f8c1,A-544d0a,2024-07-23,NULL,Enterprise,5,995,11940,0,0,1,0,monthly,1
S-57cd05,A-8b0451,2024-10-26,NULL,Basic,41,779,9348,0,0,0,0,annual,1
S-e505c1,A-8ae3fc,2024-09-17,NULL,Pro,34,1666,19992,0,0,0,0,annual,1
S-121b4d,A-8ae3fc,2024-11-22,NULL,Basic,9,171,2052,0,0,0,0,annual,1
S-72b4f2,A-4437e4,2024-02-06,NULL,Pro,49,2401,28812,0,0,0,0,annual,1
S-c9b0cc,A-4d1e75,2024-10-11,NULL,Enterprise,38,7562,90744,0,0,0,0,monthly,1
S-27c993,A-098560,2024-11-17,NULL,Enterprise,4,796,9552,0,0,0,0,monthly,1
S-8b9889,A-ac9111,2024-08-18,NULL,Pro,21,1029,12348,0,0,0,0,monthly,1
S-2214c6,A-3c1a3f,2024-10-07,NULL,Pro,82,4018,48216,0,0,0,0,monthly,1
S-ce695e,A-cb6cc6,2024-05-25,NULL,Enterprise,13,0,0,1,0,0,0,annual,0
S-066d80,A-9b9fe9,2024-08-17,NULL,Pro,5,245,2940,0,0,0,0,monthly,1
S-228457,A-029f69,2024-05-24,NULL,Enterprise,24,4776,57312,0,0,0,0,annual,1
S-e50612,A-c7e58b,2024-07-15,NULL,Basic,13,247,2964,0,0,0,0,annual,0
S-64fba3,A-00bed1,2024-07-16,NULL,Enterprise,28,5572,66864,0,0,0,0,annual,1
S-2372d2,A-cea1f0,2024-12-22,NULL,Enterprise,21,4179,50148,0,0,0,0,annual,0
S-2661dc,A-c37cab,2024-08-07,NULL,Pro,20,0,0,1,0,0,0,monthly,1
S-427275,A-4c38bc,2024-07-14,NULL,Enterprise,36,7164,85968,0,0,0,0,annual,1
S-628729,A-157070,2024-10-05,NULL,Enterprise,23,4577,54924,0,0,1,0,monthly,1
S-e260ff,A-bcf87c,2024-12-09,NULL,Enterprise,21,4179,50148,0,0,0,0,annual,1
S-89c03a,A-8ae3fc,2024-09-20,NULL,Pro,9,441,5292,0,0,0,0,monthly,1
S-86455a,A-1b9609,2023-12-01,NULL,Pro,12,588,7056,0,0,0,0,monthly,1
S-3660bb,A-474ad4,2024-12-14,NULL,Enterprise,10,0,0,1,0,0,0,monthly,0
S-6bf7d7,A-9bfc9f,2024-03-23,NULL,Pro,53,2597,31164,0,0,1,0,annual,0
S-feccd8,A-812c5b,2024-12-22,NULL,Enterprise,55,10945,131340,0,0,0,0,monthly,1
S-0e4b0c,A-39b19f,2023-02-28,2023-06-15,Pro,24,1176,14112,0,0,1,1,annual,1
S-0e0578,A-de58ca,2023-07-09,NULL,Basic,15,285,3420,0,0,0,0,monthly,1
S-74538d,A-e60f9d,2024-11-13,NULL,Pro,46,2254,27048,0,0,0,0,annual,1
S-c2a6cb,A-9affe6,2023-10-19,NULL,Enterprise,7,1393,16716,0,1,0,0,annual,0
S-1bd2ec,A-e60f9d,2024-12-25,2024-12-28,Basic,38,722,8664,0,0,0,1,annual,1
S-3cc352,A-d27f50,2024-08-06,NULL,Pro,44,2156,25872,0,0,0,0,monthly,1
S-124207,A-fdfc91,2023-08-31,NULL,Basic,29,551,6612,0,0,0,0,annual,1
S-76e7d9,A-712f1c,2024-02-09,NULL,Enterprise,44,8756,105072,0,0,0,0,monthly,1
S-44f453,A-19b2c8,2024-02-10,NULL,Enterprise,20,3980,47760,0,0,0,0,monthly,1
S-03a97f,A-f51f16,2024-03-15,NULL,Pro,60,2940,35280,0,0,0,0,annual,1
S-80c01c,A-d3c88e,2024-12-16,NULL,Basic,16,304,3648,0,1,0,0,annual,1
S-666181,A-eb1312,2024-10-09,NULL,Basic,71,1349,16188,0,0,0,0,annual,1
S-401496,A-68f37c,2023-08-13,2024-06-22,Enterprise,4,796,9552,0,1,0,1,monthly,1
S-ca0c98,A-fda07f,2024-11-28,NULL,Pro,7,343,4116,0,0,0,0,monthly,1
S-017e33,A-f9cc74,2024-11-08,2024-11-25,Basic,53,1007,12084,0,0,0,1,monthly,1
S-183073,A-e7a1e2,2024-07-19,NULL,Enterprise,14,2786,33432,0,0,0,0,monthly,1
S-22f503,A-7a0d69,2024-09-06,NULL,Basic,6,114,1368,0,0,0,0,annual,1
S-7de1b7,A-4d1e75,2024-10-27,NULL,Enterprise,20,3980,47760,0,0,0,0,annual,1
S-c7f564,A-902ef7,2024-11-23,NULL,Pro,83,0,0,1,1,0,0,annual,1
S-ceffe9,A-89ee83,2024-11-23,NULL,Enterprise,2,398,4776,0,0,0,0,monthly,1
S-9b2c95,A-e60f9d,2024-11-24,2024-12-05,Pro,29,0,0,1,0,0,1,annual,1
S-cf6ec1,A-d77f4c,2024-08-04,NULL,Enterprise,22,4378,52536,0,1,0,0,monthly,0
S-a44d72,A-b30291,2024-06-12,NULL,Pro,18,882,10584,0,0,0,0,monthly,1
S-0b0ffa,A-180abf,2024-01-17,2024-04-19,Basic,64,0,0,1,0,0,1,annual,1
S-02af5d,A-d82ef9,2024-08-07,NULL,Enterprise,26,0,0,1,0,0,0,annual,1
S-d07c53,A-249769,2024-09-24,NULL,Basic,21,399,4788,0,0,0,0,annual,1
S-c67b80,A-eb2fdc,2024-02-24,NULL,Pro,31,1519,18228,0,0,0,0,monthly,0
S-5d68fb,A-5f2961,2024-12-02,NULL,Pro,49,2401,28812,0,0,0,0,annual,1
S-fc9cc3,A-9b9fe9,2024-01-01,NULL,Pro,24,1176,14112,0,0,0,0,annual,1
S-17f71d,A-e40f45,2024-05-15,NULL,Pro,44,2156,25872,0,1,0,0,monthly,1
S-5895f0,A-bcf664,2023-10-05,NULL,Basic,8,0,0,1,0,0,0,annual,1
S-b042d9,A-0e966d,2024-11-15,NULL,Enterprise,11,2189,26268,0,0,0,0,annual,1
S-ffd1ee,A-f03140,2024-11-06,NULL,Pro,27,0,0,1,0,0,0,annual,1
S-9c4bcd,A-a7bd4b,2024-05-14,NULL,Pro,5,245,2940,0,1,0,0,monthly,1
S-4f91d0,A-7f8241,2024-10-12,NULL,Basic,34,646,7752,0,0,0,0,monthly,0
S-672f1b,A-eafc6e,2023-08-08,NULL,Pro,27,1323,15876,0,0,0,0,monthly,1
S-101201,A-d49cc5,2024-02-13,NULL,Basic,50,950,11400,0,0,0,0,annual,1
S-eea643,A-54ecc2,2024-10-30,NULL,Enterprise,28,5572,66864,0,0,0,0,monthly,1
S-5f9a67,A-6da850,2023-12-04,NULL,Pro,5,245,2940,0,0,0,0,annual,1
S-327e7c,A-4e960a,2024-02-07,NULL,Enterprise,17,0,0,1,0,0,0,annual,1
S-d97c5f,A-533452,2024-11-25,NULL,Pro,101,4949,59388,0,0,0,0,monthly,1
S-029c20,A-f44180,2024-12-13,NULL,Basic,10,0,0,1,0,0,0,annual,0
S-a74462,A-7c83a1,2024-05-14,NULL,Pro,48,2352,28224,0,0,0,0,annual,1
S-02ec76,A-e60f9d,2024-09-17,NULL,Pro,29,1421,17052,0,0,0,0,monthly,1
S-d1c9e3,A-075038,2024-01-09,NULL,Basic,17,323,3876,0,0,0,0,annual,1
S-51d8db,A-cc1d8d,2024-12-30,NULL,Enterprise,6,1194,14328,0,0,0,0,annual,1
S-c3c85e,A-271f46,2024-10-31,NULL,Basic,38,722,8664,0,0,0,0,monthly,1
S-44a646,A-1e1b80,2023-12-26,NULL,Basic,50,950,11400,0,0,0,0,annual,1
S-431c03,A-e4bf56,2024-12-02,2024-12-19,Enterprise,37,7363,88356,0,0,0,1,monthly,1
S-4f0027,A-ff79f2,2024-12-31,2024-12-31,Enterprise,19,3781,45372,0,0,0,1,annual,1
S-6c9ee1,A-6da850,2024-02-20,NULL,Enterprise,23,0,0,1,0,0,0,monthly,1
S-396a84,A-5b4ebb,2024-10-23,2024-11-27,Basic,21,399,4788,0,0,0,1,monthly,0
S-6bea24,A-3f9cc0,2024-07-06,NULL,Basic,22,0,0,1,0,0,0,monthly,1
S-259804,A-d4ac0e,2024-10-01,NULL,Basic,28,532,6384,0,0,0,0,annual,1
S-33e40e,A-86cdb4,2024-10-10,2024-12-29,Enterprise,2,398,4776,0,0,0,1,annual,1
S-fbd522,A-310452,2024-12-28,NULL,Pro,9,0,0,1,0,0,0,annual,0
S-bbafad,A-854864,2024-12-27,2024-12-30,Basic,20,380,4560,0,0,0,1,annual,1
S-3edc14,A-d82ef9,2024-10-04,NULL,Pro,26,0,0,1,0,0,0,annual,1
S-11e29d,A-71615e,2024-10-13,NULL,Basic,32,608,7296,0,0,0,0,monthly,1
S-1feff8,A-5fe118,2024-12-06,NULL,Enterprise,39,7761,93132,0,0,0,0,annual,1
S-61e86c,A-39ddf4,2024-12-07,NULL,Enterprise,40,7960,95520,0,0,0,0,annual,1
S-af41f0,A-e83938,2024-06-27,NULL,Basic,2,38,456,0,0,0,0,annual,0
S-65ae02,A-671f31,2024-12-14,NULL,Pro,59,2891,34692,0,0,0,0,annual,1
S-f7fccd,A-443b7c,2024-11-18,NULL,Basic,6,0,0,1,1,0,0,annual,1
S-7904d3,A-d4e0d4,2024-11-30,2024-12-03,Enterprise,117,23283,279396,0,0,0,1,monthly,1
S-48a54e,A-b2225d,2024-10-29,NULL,Basic,47,0,0,1,0,0,0,monthly,1
S-4a08bd,A-e08cd3,2024-10-11,NULL,Pro,67,3283,39396,0,0,0,0,annual,0
S-faa8ec,A-2e4581,2024-12-09,NULL,Basic,11,209,2508,0,0,0,0,monthly,1
S-8db104,A-4a267b,2024-10-18,NULL,Pro,25,1225,14700,0,0,1,0,monthly,1
S-3c0121,A-7c83a1,2024-12-30,NULL,Pro,24,1176,14112,0,0,0,0,monthly,1
S-13ca37,A-6843f2,2024-12-21,NULL,Pro,21,0,0,1,0,1,0,monthly,1
S-163e64,A-dfbd31,2024-11-08,NULL,Enterprise,62,12338,148056,0,0,0,0,monthly,1
S-4d1ba6,A-00cac8,2024-04-04,NULL,Enterprise,9,0,0,1,0,0,0,annual,0
S-e98d6b,A-309e54,2024-12-31,NULL,Basic,15,285,3420,0,0,0,0,annual,1
S-041624,A-6843f2,2024-12-12,NULL,Enterprise,21,4179,50148,0,0,0,0,monthly,1
S-b78829,A-2e4581,2024-11-12,NULL,Pro,20,980,11760,0,0,0,0,monthly,1
S-ca1c21,A-f92792,2024-12-02,NULL,Basic,9,0,0,1,0,0,0,annual,0
S-e1de58,A-ce550d,2024-10-28,NULL,Enterprise,35,6965,83580,0,1,0,0,annual,1
S-721fea,A-f6b2fb,2024-05-23,NULL,Pro,23,1127,13524,0,0,1,0,monthly,1
S-eaac58,A-ff3c73,2023-04-08,NULL,Basic,66,1254,15048,0,0,0,0,annual,1
S-1218fd,A-2d4502,2024-11-02,NULL,Basic,14,266,3192,0,1,0,0,monthly,0
S-936732,A-2f6a32,2024-11-28,2024-12-06,Pro,19,931,11172,0,0,0,1,annual,1
S-c2f293,A-69b156,2024-12-10,2024-12-30,Basic,8,152,1824,0,0,0,1,monthly,0
S-fe3b71,A-44dc83,2024-09-24,NULL,Enterprise,37,0,0,1,0,0,0,monthly,1
S-f5f5b3,A-89ee83,2024-12-26,2024-12-29,Basic,10,190,2280,0,0,0,1,annual,1
S-4afb53,A-40de06,2023-12-12,2024-12-29,Enterprise,28,5572,66864,0,0,0,1,monthly,1
S-851bbe,A-d77f4c,2024-04-22,NULL,Enterprise,94,18706,224472,0,1,0,0,annual,1
S-dab0d5,A-cc1d8d,2024-12-14,NULL,Basic,5,0,0,1,0,0,0,monthly,1
S-9aa190,A-9b9fe9,2024-10-17,NULL,Basic,33,627,7524,0,0,0,0,annual,1
S-f89d8c,A-88c6ca,2024-12-18,NULL,Pro,49,2401,28812,0,0,0,0,monthly,1
S-766a62,A-1ac5e0,2024-11-24,NULL,Enterprise,33,0,0,1,0,0,0,monthly,0
S-10134d,A-52dd88,2024-09-09,NULL,Enterprise,23,4577,54924,0,0,0,0,annual,1
S-85de7a,A-940b8b,2024-04-01,NULL,Enterprise,32,6368,76416,0,0,1,0,annual,1
S-85796b,A-f19409,2024-08-27,2024-10-31,Enterprise,23,4577,54924,0,0,0,1,monthly,1
S-c97464,A-f5641b,2024-10-16,NULL,Pro,38,1862,22344,0,0,0,0,monthly,0
S-6732ff,A-9affe6,2023-11-22,NULL,Pro,24,1176,14112,0,0,0,0,annual,1
S-aa20eb,A-6f8ad2,2024-09-08,NULL,Pro,1,49,588,0,0,0,0,monthly,0
S-b6aabe,A-902ef7,2024-12-25,NULL,Basic,83,1577,18924,0,0,0,0,annual,1
S-0ff339,A-6dee43,2024-01-21,NULL,Basic,12,228,2736,0,0,0,0,annual,1
S-4d664d,A-cc1d8d,2024-12-26,NULL,Pro,16,784,9408,0,1,1,0,annual,1
S-8deb5f,A-533452,2024-12-25,NULL,Basic,52,988,11856,0,0,0,0,annual,0
S-e2d4e9,A-18793f,2024-12-30,NULL,Basic,148,0,0,1,1,0,0,monthly,1
S-d8441d,A-8adedc,2024-03-16,NULL,Basic,4,76,912,0,0,0,0,annual,1
S-6d356a,A-425e76,2023-06-26,NULL,Basic,28,532,6384,0,0,0,0,annual,0
S-c005ac,A-92a3af,2024-09-18,NULL,Enterprise,25,4975,59700,0,0,0,0,annual,1
S-d0913e,A-eb2fdc,2024-11-14,NULL,Pro,31,1519,18228,0,0,0,0,monthly,1
S-4bef15,A-600734,2024-08-14,2024-09-22,Enterprise,29,0,0,1,0,0,1,annual,1
S-2573e4,A-7f8241,2024-01-25,NULL,Basic,60,1140,13680,0,0,0,0,monthly,1
S-80c291,A-712533,2024-01-06,NULL,Enterprise,18,3582,42984,0,0,0,0,annual,1
S-64acb8,A-3be56b,2024-08-21,NULL,Enterprise,30,5970,71640,0,0,0,0,monthly,1
S-13a948,A-d5a319,2024-07-24,NULL,Enterprise,15,2985,35820,0,1,0,0,monthly,0
S-081b81,A-b20d99,2024-01-30,NULL,Basic,20,380,4560,0,0,0,0,annual,1
S-68c537,A-9ee962,2024-06-06,NULL,Enterprise,29,5771,69252,0,0,0,0,monthly,1
S-3f82bc,A-d5a319,2023-10-30,NULL,Basic,15,0,0,1,0,1,0,monthly,1
S-fe6311,A-5c9849,2024-11-11,NULL,Enterprise,19,0,0,1,0,0,0,monthly,1
S-b3c4b8,A-c43359,2024-12-17,NULL,Pro,38,0,0,1,0,0,0,annual,1
S-8923b3,A-157070,2024-05-17,NULL,Basic,27,513,6156,0,0,0,0,annual,1
S-2410c6,A-5247b3,2024-05-11,NULL,Basic,33,627,7524,0,0,0,0,annual,0
S-7a06fe,A-5a92e7,2024-09-28,NULL,Pro,28,1372,16464,0,0,0,0,monthly,1
S-ceaca8,A-96e141,2024-08-10,NULL,Enterprise,24,4776,57312,0,0,0,0,monthly,1
S-02c3e7,A-7c4956,2024-08-14,NULL,Enterprise,6,1194,14328,0,0,0,0,annual,1
S-3a1a06,A-eb7fac,2024-07-09,NULL,Enterprise,14,2786,33432,0,0,0,0,monthly,1
S-7f5d03,A-22d9d2,2024-06-10,NULL,Pro,25,1225,14700,0,0,0,0,monthly,0
S-c10f0c,A-0f7d77,2024-11-11,NULL,Basic,6,114,1368,0,0,0,0,monthly,0
S-cdd00a,A-4e44e8,2024-08-23,NULL,Basic,38,722,8664,0,0,0,0,monthly,1
S-d57a67,A-2446e3,2024-07-14,NULL,Pro,27,1323,15876,0,0,0,0,monthly,1
S-f75ac4,A-faa28c,2024-02-17,NULL,Enterprise,48,0,0,1,0,0,0,annual,1
S-76c59f,A-0aaf6e,2024-08-01,NULL,Basic,24,456,5472,0,0,0,0,annual,1
S-0a15fa,A-bb1eaa,2024-12-12,NULL,Pro,25,1225,14700,0,0,0,0,annual,1
S-d0f5fb,A-39868b,2024-04-25,NULL,Enterprise,9,1791,21492,0,0,0,0,annual,0
S-ffb6cc,A-94d3da,2024-09-28,NULL,Enterprise,41,8159,97908,0,0,0,0,monthly,0
S-1b8300,A-faa28c,2024-05-23,NULL,Enterprise,48,0,0,1,1,0,0,monthly,1
S-88de1c,A-18793f,2024-12-24,NULL,Basic,148,2812,33744,0,0,0,0,annual,1
S-a88ffd,A-cc102e,2024-09-06,NULL,Pro,13,637,7644,0,0,0,0,annual,1
S-f12a54,A-f3ff05,2024-11-24,NULL,Pro,2,98,1176,0,0,0,0,monthly,1
S-f9b284,A-22d9d2,2024-07-02,NULL,Pro,8,392,4704,0,0,0,0,annual,1
S-61e53d,A-d42431,2024-11-15,2024-12-14,Basic,22,418,5016,0,0,0,1,annual,0
S-4c5456,A-149a69,2024-12-19,NULL,Basic,34,646,7752,0,0,0,0,monthly,1
S-b15cde,A-ee42db,2023-05-01,NULL,Pro,13,637,7644,0,0,0,0,monthly,1
S-9e6a18,A-7d514c,2024-11-06,NULL,Pro,21,1029,12348,0,1,0,0,monthly,0
S-0b2ac3,A-d792a6,2024-01-01,NULL,Basic,7,0,0,1,0,0,0,annual,1
S-cb8a5c,A-1e6fc3,2024-12-17,NULL,Enterprise,1,199,2388,0,0,0,0,annual,1
S-8b52b5,A-c1dfe1,2024-03-04,NULL,Enterprise,26,5174,62088,0,0,0,0,monthly,1
S-79b2bc,A-249769,2024-08-28,NULL,Basic,4,76,912,0,0,0,0,monthly,1
S-4fd9ba,A-d4ac0e,2024-09-10,NULL,Basic,24,456,5472,0,1,0,0,monthly,1
S-163e9d,A-ccabf0,2024-03-03,NULL,Enterprise,11,2189,26268,0,0,0,0,annual,1
S-8324d4,A-5a215a,2024-07-13,2024-08-03,Pro,87,0,0,1,0,0,1,monthly,1
S-22f848,A-993085,2023-10-15,NULL,Enterprise,49,9751,117012,0,0,0,0,annual,1
S-b32512,A-854864,2024-12-25,NULL,Enterprise,20,3980,47760,0,0,0,0,monthly,1
S-98ac99,A-8ed5dd,2023-11-09,NULL,Basic,5,95,1140,0,1,0,0,annual,1
S-93fab3,A-9f9299,2024-11-10,2024-12-31,Pro,28,1372,16464,0,0,0,1,annual,1
S-838330,A-5a215a,2024-06-20,NULL,Pro,87,0,0,1,0,0,0,annual,0
S-720d62,A-c16101,2024-10-05,NULL,Basic,53,1007,12084,0,0,0,0,monthly,1
S-e2500e,A-5b4ebb,2024-12-06,NULL,Basic,21,0,0,1,0,0,0,monthly,1
S-2c091a,A-32728c,2023-06-20,NULL,Pro,20,980,11760,0,0,0,0,annual,1
S-55d53c,A-2f6a32,2024-12-08,NULL,Basic,19,361,4332,0,0,0,0,annual,1
S-df2fb8,A-0e966d,2024-08-17,NULL,Pro,55,0,0,1,0,0,0,annual,1
S-24ae40,A-328bd0,2024-02-11,2024-03-28,Basic,18,342,4104,0,0,0,1,monthly,1
S-bdd4c5,A-5a92e7,2024-12-03,NULL,Pro,28,1372,16464,0,0,0,0,monthly,1
S-2196c4,A-425e76,2024-04-16,NULL,Basic,8,152,1824,0,0,0,0,monthly,1
S-9626f8,A-d4ac0e,2024-08-25,NULL,Pro,18,882,10584,0,0,0,0,annual,1
S-03340d,A-4ef964,2024-04-01,NULL,Enterprise,17,3383,40596,0,0,0,0,annual,0
S-ae1882,A-9f9299,2024-10-25,NULL,Basic,61,1159,13908,0,0,0,0,monthly,0
S-1cdd2c,A-ac9111,2024-03-06,NULL,Pro,21,1029,12348,0,0,0,0,monthly,0
S-6b7aa4,A-c37601,2024-11-29,NULL,Basic,22,418,5016,0,0,0,0,monthly,1
S-dfe952,A-e351e1,2024-09-27,NULL,Basic,33,627,7524,0,0,0,0,monthly,1
S-763384,A-526d93,2024-07-24,NULL,Pro,43,0,0,1,0,0,0,annual,1
S-3e6a40,A-94c3cd,2024-08-07,NULL,Enterprise,32,0,0,1,0,0,0,monthly,1
S-5fffe8,A-4e631b,2024-07-26,NULL,Basic,22,418,5016,0,0,0,0,monthly,1
S-e51242,A-8145a0,2023-11-13,NULL,Enterprise,9,1791,21492,0,0,0,0,annual,1
S-ae3270,A-fdfc91,2023-09-14,NULL,Basic,29,551,6612,0,0,0,0,annual,1
S-808668,A-e351e1,2024-10-01,NULL,Pro,33,1617,19404,0,0,0,0,monthly,1
S-388f70,A-40a557,2024-09-21,NULL,Pro,18,0,0,1,0,0,0,annual,1
S-b84a07,A-7c4956,2023-06-05,NULL,Pro,9,441,5292,0,0,0,0,annual,1
S-a24476,A-91e948,2024-01-26,NULL,Basic,41,0,0,1,0,0,0,monthly,1
S-ff78bf,A-50f3f7,2024-05-13,NULL,Pro,31,0,0,1,0,0,0,monthly,0
S-695c1e,A-ce66f8,2024-07-02,NULL,Enterprise,37,7363,88356,0,0,0,0,monthly,1
S-f97609,A-712f1c,2024-05-15,NULL,Pro,38,1862,22344,0,1,0,0,annual,0
S-fee60b,A-4a267b,2024-09-22,2024-09-29,Pro,46,2254,27048,0,0,0,1,monthly,1
S-3cc163,A-df10db,2024-07-02,NULL,Basic,68,0,0,1,1,0,0,annual,0
S-534c28,A-e888d1,2024-09-16,NULL,Basic,14,266,3192,0,0,0,0,monthly,1
S-e1d553,A-692f18,2024-09-27,NULL,Pro,9,0,0,1,0,0,0,annual,1
S-358daa,A-39b19f,2024-09-04,NULL,Enterprise,24,0,0,1,0,0,0,annual,1
S-ff2761,A-0cc442,2024-09-25,NULL,Basic,45,855,10260,0,1,0,0,monthly,1
S-b6d200,A-d27f50,2024-12-19,NULL,Basic,44,836,10032,0,0,0,0,monthly,1
S-518472,A-e7beab,2024-12-08,NULL,Pro,19,931,11172,0,0,0,0,monthly,1
S-682d28,A-fdfc91,2024-08-31,NULL,Enterprise,47,9353,112236,0,0,0,0,annual,1
S-0a2238,A-c7ffc2,2024-09-16,NULL,Basic,30,570,6840,0,0,0,0,monthly,1
S-6e4c1a,A-94f8c9,2024-08-02,NULL,Enterprise,13,2587,31044,0,0,0,0,monthly,1
S-7564e1,A-313be3,2024-08-14,NULL,Enterprise,47,0,0,1,0,0,0,monthly,1
S-41023c,A-49b828,2023-12-15,NULL,Enterprise,31,6169,74028,0,0,0,0,annual,1
S-6e0006,A-5b051a,2024-09-18,NULL,Basic,22,418,5016,0,0,0,0,monthly,1
S-7e1791,A-a6d261,2024-05-09,NULL,Enterprise,9,1791,21492,0,0,0,0,annual,1
S-1109d6,A-a2485e,2024-08-11,NULL,Enterprise,3,597,7164,0,0,1,0,annual,1
S-b35203,A-ac85cd,2024-12-23,NULL,Enterprise,53,10547,126564,0,0,1,0,monthly,1
S-ef4ad8,A-bcf87c,2024-08-14,NULL,Pro,10,490,5880,0,0,0,0,annual,0
S-2dad6b,A-104f1a,2024-12-20,NULL,Basic,34,646,7752,0,0,0,0,monthly,1
S-4c100f,A-eb7fac,2024-02-24,NULL,Enterprise,136,27064,324768,0,0,0,0,monthly,0
S-17cfc4,A-592832,2024-12-01,NULL,Pro,18,0,0,1,0,1,0,monthly,1
S-c317f9,A-86902e,2023-11-24,NULL,Basic,34,646,7752,0,0,0,0,annual,1
S-3311b1,A-7cfe77,2024-08-24,NULL,Pro,69,3381,40572,0,1,0,0,monthly,1
S-26e8f0,A-d40bf7,2024-11-17,NULL,Enterprise,59,11741,140892,0,0,0,0,monthly,0
S-807d87,A-69b156,2024-01-16,NULL,Enterprise,28,5572,66864,0,0,0,0,annual,1
S-c4aa5f,A-ccb686,2024-02-28,NULL,Pro,52,2548,30576,0,0,0,0,annual,0
S-86c28f,A-8adedc,2024-04-02,NULL,Pro,79,3871,46452,0,0,0,0,annual,1
S-d635a2,A-ff79f2,2024-05-29,NULL,Basic,12,228,2736,0,0,0,0,annual,1
S-463525,A-016043,2024-12-02,NULL,Enterprise,13,2587,31044,0,0,0,0,annual,1
S-b2238e,A-104f1a,2024-11-16,NULL,Basic,24,456,5472,0,0,0,0,monthly,1
S-d01053,A-779e4e,2023-11-12,2024-10-29,Enterprise,36,7164,85968,0,0,0,1,annual,1
S-b9bbfd,A-118d55,2024-11-13,NULL,Enterprise,36,7164,85968,0,0,0,0,monthly,1
S-790762,A-ac85cd,2024-12-24,NULL,Pro,53,2597,31164,0,0,0,0,monthly,1
S-321498,A-3a7284,2024-12-25,2024-12-31,Pro,31,0,0,1,0,0,1,monthly,1
S-8cf2ef,A-600734,2024-08-29,NULL,Basic,42,798,9576,0,0,0,0,annual,0
S-48aa95,A-a8b49c,2024-03-23,NULL,Enterprise,7,1393,16716,0,0,0,0,monthly,1
S-42218c,A-e2cd1b,2024-07-30,NULL,Pro,45,2205,26460,0,0,0,0,monthly,1
S-e6e96f,A-cbd1a3,2024-11-30,NULL,Enterprise,8,0,0,1,0,0,0,annual,0
S-627cfa,A-9bfc9f,2023-09-19,2024-01-04,Pro,53,2597,31164,0,0,0,1,monthly,1
S-47a04b,A-b54c01,2024-10-07,NULL,Pro,29,0,0,1,0,0,0,annual,1
S-2a6eb3,A-80eeb6,2023-08-27,NULL,Enterprise,68,13532,162384,0,0,0,0,monthly,1
S-c5f3d4,A-9f2731,2024-11-22,NULL,Pro,5,0,0,1,0,0,0,annual,1
S-c3bf1d,A-55f257,2024-03-15,NULL,Pro,9,441,5292,0,0,0,0,annual,1
S-a82441,A-4a267b,2024-08-09,NULL,Pro,25,1225,14700,0,0,0,0,annual,1
S-ccdf41,A-94f8c9,2024-11-29,NULL,Enterprise,17,3383,40596,0,0,0,0,monthly,1
S-3503cb,A-c43359,2024-12-14,NULL,Basic,38,722,8664,0,0,0,0,monthly,1
S-ed32c7,A-37f969,2023-10-24,NULL,Pro,30,1470,17640,0,0,0,0,annual,0
S-64bd69,A-ac9111,2023-10-04,NULL,Basic,21,399,4788,0,0,0,0,annual,1
S-abd244,A-66224b,2024-12-05,NULL,Basic,92,1748,20976,0,0,0,0,monthly,0
S-1e83a6,A-443b7c,2024-12-29,NULL,Basic,8,152,1824,0,0,0,0,annual,1
S-e86a94,A-443f6f,2024-12-26,NULL,Pro,19,931,11172,0,0,0,0,monthly,1
S-2480b0,A-6e08f3,2024-12-27,NULL,Basic,13,247,2964,0,0,0,0,annual,1
S-095083,A-98a59a,2023-09-27,NULL,Basic,56,1064,12768,0,0,0,0,annual,1
S-07abdd,A-f19409,2023-09-26,NULL,Pro,34,1666,19992,0,0,0,0,annual,1
S-c29f3a,A-b7b7b7,2024-09-10,NULL,Pro,24,1176,14112,0,1,0,0,monthly,0
S-b4ac47,A-3b5cd1,2023-10-07,NULL,Pro,31,1519,18228,0,0,0,0,annual,0
S-2e017b,A-432483,2023-04-02,2023-04-05,Pro,5,245,2940,0,0,0,1,annual,1
S-c64e87,A-f3ff05,2024-09-19,NULL,Enterprise,27,5373,64476,0,0,0,0,annual,1
S-c24467,A-e888d1,2023-07-05,NULL,Basic,50,0,0,1,0,0,0,monthly,0
S-f7b0e0,A-66224b,2024-11-24,NULL,Basic,92,1748,20976,0,0,0,0,annual,1
S-edeacd,A-59f724,2024-01-01,NULL,Pro,18,882,10584,0,0,0,0,annual,1
S-3d6b69,A-2446e3,2024-09-16,NULL,Enterprise,27,5373,64476,0,0,0,0,annual,0
S-63e282,A-6a4e2d,2024-10-15,2024-11-07,Pro,14,686,8232,0,1,0,1,annual,1
S-ef2a21,A-427b69,2024-11-28,2024-12-09,Pro,36,1764,21168,0,0,0,1,annual,1
S-e052d8,A-4e44e8,2024-10-26,NULL,Pro,25,0,0,1,0,0,0,annual,1
S-2d51ca,A-96e141,2023-12-05,NULL,Pro,32,1568,18816,0,0,0,0,monthly,1
S-0921a1,A-ee42db,2023-08-02,NULL,Basic,22,418,5016,0,0,0,0,annual,1
S-62c98f,A-5a92e7,2024-10-27,NULL,Pro,35,1715,20580,0,0,0,0,monthly,1
S-1cff77,A-5a3eb9,2023-09-20,NULL,Pro,65,3185,38220,0,0,0,0,annual,1
S-3a28a1,A-b9f5b1,2024-07-25,NULL,Enterprise,15,2985,35820,0,0,0,0,annual,1
S-42aaf0,A-6da850,2024-12-31,2024-12-31,Basic,6,114,1368,0,0,0,1,annual,1
S-d02277,A-05f0e5,2024-06-11,NULL,Enterprise,92,18308,219696,0,1,0,0,monthly,1
S-72b92f,A-bd4708,2024-12-14,NULL,Enterprise,37,7363,88356,0,0,0,0,monthly,0
S-15609d,A-94d3da,2024-08-04,NULL,Basic,41,0,0,1,0,0,0,monthly,0
S-6d12c1,A-d26ab4,2024-11-20,NULL,Basic,11,209,2508,0,0,0,0,monthly,1
S-1bf267,A-c42f1f,2024-11-13,NULL,Basic,28,532,6384,0,0,0,0,annual,1
S-2d4edf,A-69fad4,2023-09-04,NULL,Enterprise,6,1194,14328,0,0,0,0,annual,0
S-050a91,A-d27f50,2024-08-06,NULL,Basic,45,855,10260,0,0,0,0,annual,1
S-e41457,A-5f2961,2024-12-17,NULL,Enterprise,4,796,9552,0,0,0,0,annual,1
S-9f2386,A-558c72,2024-03-09,NULL,Enterprise,15,2985,35820,0,0,0,0,annual,1
S-e23fd8,A-cc98bc,2023-06-05,NULL,Enterprise,32,0,0,1,0,0,0,annual,1
S-c1056f,A-6f8ad2,2024-10-23,NULL,Basic,21,399,4788,0,0,0,0,monthly,0
S-c4c9ce,A-625d0b,2024-11-16,2024-11-22,Enterprise,10,1990,23880,0,0,0,1,monthly,1
S-dc90ef,A-bcf87c,2024-07-22,NULL,Pro,17,833,9996,0,0,0,0,annual,1
S-fc1114,A-4c56c9,2024-07-17,2024-10-23,Pro,18,882,10584,0,0,0,1,annual,1
S-b95110,A-b07b56,2024-12-16,NULL,Pro,25,1225,14700,0,0,0,0,monthly,0
S-e2e052,A-91e948,2023-11-07,NULL,Pro,41,2009,24108,0,0,0,0,monthly,1
S-0de78a,A-e4144b,2024-12-12,NULL,Basic,41,779,9348,0,0,0,0,annual,1
S-8a37c8,A-054577,2024-12-09,NULL,Pro,8,392,4704,0,0,0,0,monthly,1
S-8d6cec,A-32fb14,2024-07-05,NULL,Pro,32,1568,18816,0,1,0,0,annual,1
S-65dd83,A-592832,2024-11-07,NULL,Pro,36,1764,21168,0,0,0,0,annual,1
S-fa7c1a,A-df10db,2024-10-21,NULL,Enterprise,12,2388,28656,0,0,0,0,monthly,1
S-cc964d,A-d26ab4,2024-11-21,NULL,Basic,15,0,0,1,0,0,0,annual,1
S-e72beb,A-712533,2024-10-26,NULL,Pro,70,3430,41160,0,1,0,0,annual,1
S-80199e,A-50bb9f,2024-10-26,NULL,Enterprise,18,3582,42984,0,1,0,0,monthly,1
S-b6f87e,A-8b25f2,2024-09-30,NULL,Basic,10,190,2280,0,0,0,0,annual,1
S-6129d4,A-6965e1,2024-12-26,NULL,Enterprise,13,2587,31044,0,0,0,0,annual,1
S-7b647e,A-d62e02,2024-09-03,NULL,Enterprise,10,1990,23880,0,0,1,0,monthly,1
S-426f2f,A-8145a0,2024-03-08,NULL,Enterprise,3,597,7164,0,0,0,0,annual,1
S-02cde8,A-5b4ebb,2024-11-21,NULL,Enterprise,63,12537,150444,0,0,0,0,monthly,1
S-61a87e,A-91e948,2023-08-14,NULL,Basic,41,779,9348,0,0,0,0,monthly,1
S-5698bd,A-52dd88,2023-03-26,NULL,Pro,26,1274,15288,0,0,0,0,monthly,0
S-702fe2,A-d77f4c,2024-03-27,NULL,Enterprise,11,2189,26268,0,0,0,0,monthly,1
S-3e510d,A-50f3f7,2024-06-27,NULL,Pro,31,1519,18228,0,0,1,0,annual,1
S-ec7c12,A-cbd1a3,2024-12-02,NULL,Enterprise,6,1194,14328,0,0,0,0,monthly,1
S-d725da,A-f17767,2024-02-15,NULL,Pro,22,1078,12936,0,0,0,0,annual,1
S-c84c8d,A-7988d1,2024-08-18,NULL,Enterprise,92,0,0,1,0,0,0,annual,1
S-049328,A-39b19f,2023-07-20,NULL,Pro,55,2695,32340,0,0,0,0,monthly,1
S-d9ad28,A-4f18f0,2024-04-28,NULL,Pro,24,1176,14112,0,0,0,0,monthly,0
S-eec041,A-c43359,2024-12-22,NULL,Basic,38,722,8664,0,1,0,0,monthly,1
S-a554da,A-712f1c,2024-04-09,2024-07-23,Enterprise,17,3383,40596,0,0,0,1,annual,1
S-2ccc04,A-9a532a,2024-10-18,NULL,Enterprise,11,2189,26268,0,0,0,0,monthly,1
S-984f8b,A-db5e9e,2024-12-28,2024-12-28,Enterprise,17,3383,40596,0,0,1,1,annual,1
S-d3613b,A-6f50ae,2023-11-27,NULL,Enterprise,19,0,0,1,0,0,0,monthly,1
S-e27a20,A-ffc04f,2024-12-28,NULL,Basic,13,247,2964,0,0,0,0,monthly,1
S-41871d,A-029f69,2024-08-10,NULL,Enterprise,3,597,7164,0,0,0,0,annual,1
S-9686c6,A-eb2fdc,2024-05-31,2024-09-25,Pro,33,1617,19404,0,0,0,1,annual,0
S-9b1f0e,A-e83938,2024-07-16,NULL,Pro,2,98,1176,0,1,0,0,annual,1
S-3445f5,A-7f6b86,2023-10-15,NULL,Basic,45,855,10260,0,0,0,0,annual,0
S-f6e14c,A-8bde0c,2024-12-15,NULL,Enterprise,28,5572,66864,0,0,0,0,annual,1
S-94cfff,A-439b2f,2024-04-16,2024-05-18,Pro,22,0,0,1,0,0,1,annual,1
S-ceb9bd,A-7da956,2024-11-12,NULL,Pro,20,980,11760,0,0,0,0,annual,1
S-2c270f,A-9f9299,2024-08-02,NULL,Enterprise,28,5572,66864,0,0,0,0,annual,0
S-baba71,A-8b25f2,2024-05-03,NULL,Enterprise,10,1990,23880,0,0,0,0,monthly,1
S-d33d84,A-31ab9a,2024-04-01,NULL,Enterprise,3,597,7164,0,0,0,0,annual,1
S-c1012c,A-b7b7b7,2024-09-19,NULL,Enterprise,24,4776,57312,0,0,0,0,monthly,1
S-42af3d,A-40de06,2023-06-03,NULL,Enterprise,28,5572,66864,0,0,0,0,annual,1
S-d4cc9b,A-10b8f2,2023-10-03,NULL,Pro,54,2646,31752,0,0,0,0,annual,1
S-1351ac,A-0cc442,2024-07-27,NULL,Enterprise,45,0,0,1,0,0,0,monthly,1
S-753a0a,A-ad64c6,2024-06-15,NULL,Enterprise,28,5572,66864,0,0,0,0,annual,0
S-62a710,A-42b791,2024-11-07,NULL,Pro,22,1078,12936,0,0,0,0,annual,1
S-85eb8f,A-59f724,2024-01-29,NULL,Enterprise,22,4378,52536,0,0,0,0,monthly,1
S-e6f639,A-37f969,2023-12-02,NULL,Pro,30,1470,17640,0,0,0,0,monthly,1
S-85ba19,A-6965e1,2024-12-11,NULL,Enterprise,13,2587,31044,0,1,0,0,monthly,1
S-a14f63,A-e1b9cd,2024-02-04,NULL,Enterprise,40,7960,95520,0,0,1,0,monthly,1
S-f80ef5,A-e51ec7,2024-03-22,NULL,Basic,5,0,0,1,0,0,0,annual,1
S-ed4e09,A-e43bf7,2024-02-26,NULL,Pro,44,2156,25872,0,1,0,0,annual,1
S-f49e0b,A-7f6b86,2024-01-21,2024-03-21,Pro,45,2205,26460,0,1,0,1,annual,1
S-22be2c,A-35083d,2024-12-15,NULL,Enterprise,49,9751,117012,0,0,0,0,monthly,1
S-6587d8,A-2446e3,2024-04-18,NULL,Enterprise,27,5373,64476,0,0,0,0,monthly,0
S-44fba6,A-82d8a6,2024-12-22,NULL,Enterprise,7,0,0,1,0,0,0,annual,1
S-f14c84,A-fa2041,2024-06-11,NULL,Basic,18,0,0,1,0,0,0,monthly,1
S-f243c1,A-e888d1,2024-03-12,2024-12-28,Pro,14,0,0,1,0,0,1,annual,1
S-ca454e,A-9174e0,2024-12-14,NULL,Enterprise,37,7363,88356,0,0,0,0,monthly,1
S-3e8283,A-940b8b,2024-04-29,NULL,Pro,24,1176,14112,0,1,0,0,annual,0
S-70ae65,A-df1e44,2024-05-23,NULL,Pro,63,3087,37044,0,1,0,0,monthly,1
S-f615d2,A-0a282f,2024-10-23,NULL,Pro,18,882,10584,0,1,0,0,monthly,1
S-a8f236,A-855a48,2024-03-17,NULL,Enterprise,14,2786,33432,0,0,0,0,monthly,0
S-684751,A-86cdb4,2024-12-31,NULL,Basic,17,323,3876,0,0,0,0,monthly,1
S-4d9635,A-dcc3f1,2024-08-05,NULL,Enterprise,22,4378,52536,0,0,0,0,annual,1
S-43c489,A-c222ab,2024-08-27,NULL,Pro,32,1568,18816,0,0,0,0,annual,1
S-a346d6,A-0a282f,2024-08-31,2024-09-25,Enterprise,19,3781,45372,0,0,0,1,annual,1
S-47ce2d,A-d792a6,2023-02-06,NULL,Pro,37,1813,21756,0,0,0,0,monthly,1
S-b4212b,A-10b8da,2023-05-12,2024-01-21,Enterprise,17,3383,40596,0,1,0,1,monthly,1
S-006908,A-d82ef9,2024-09-28,NULL,Pro,26,1274,15288,0,0,1,0,monthly,1
S-60b7c7,A-02fac6,2024-05-02,NULL,Enterprise,23,4577,54924,0,0,0,0,annual,0
S-3e54f5,A-157070,2023-12-12,NULL,Basic,17,323,3876,0,0,0,0,annual,1
S-e32789,A-ac85cd,2024-10-13,NULL,Pro,53,2597,31164,0,0,1,0,annual,1
S-6f398a,A-8ed5dd,2023-11-13,NULL,Pro,5,245,2940,0,0,0,0,annual,1
S-ccc0fe,A-1619f8,2024-11-28,NULL,Basic,29,551,6612,0,0,0,0,monthly,1
S-1dd0ad,A-ac85cd,2024-11-11,NULL,Basic,53,1007,12084,0,1,0,0,monthly,1
S-52385a,A-0aaf6e,2024-11-13,NULL,Basic,3,57,684,0,0,0,0,monthly,1
S-26a630,A-5247b3,2024-03-23,NULL,Enterprise,16,3184,38208,0,0,0,0,monthly,1
S-904784,A-9badbd,2024-09-20,NULL,Enterprise,20,0,0,1,0,0,0,monthly,0
S-80a6a6,A-4437e4,2024-12-07,NULL,Enterprise,3,597,7164,0,0,0,0,annual,1
S-d2d423,A-72799b,2024-08-12,NULL,Enterprise,20,3980,47760,0,0,0,0,monthly,1
S-bdac36,A-443f6f,2024-12-08,NULL,Enterprise,19,3781,45372,0,0,0,0,monthly,0
S-a68f4f,A-2ebb4b,2023-06-04,NULL,Basic,41,0,0,1,0,0,0,monthly,1
S-eb84b1,A-05d3b3,2024-08-24,NULL,Pro,9,441,5292,0,0,0,0,monthly,0
S-c9b181,A-443b7c,2024-10-08,NULL,Pro,28,1372,16464,0,1,0,0,monthly,1
S-2e55e6,A-f19409,2024-12-20,NULL,Basic,35,665,7980,0,0,0,0,annual,0
S-863c87,A-e43bf7,2023-07-05,NULL,Enterprise,70,13930,167160,0,1,0,0,annual,1
S-7564c5,A-96215d,2024-09-12,NULL,Pro,17,833,9996,0,0,0,0,monthly,0
S-8a9db8,A-474ad4,2024-11-30,2024-12-07,Enterprise,8,1592,19104,0,0,0,1,annual,1
S-200752,A-4d1e75,2024-09-17,NULL,Pro,20,980,11760,0,1,0,0,monthly,0
S-74e211,A-3d957b,2024-07-15,NULL,Pro,14,686,8232,0,1,0,0,monthly,0
S-2aadef,A-1619f8,2024-11-16,NULL,Pro,29,1421,17052,0,0,0,0,annual,1
S-fdc415,A-726cfa,2023-08-10,NULL,Enterprise,30,5970,71640,0,0,0,0,annual,1
S-c03f87,A-6f50ae,2024-01-05,NULL,Enterprise,19,3781,45372,0,0,0,0,annual,1
S-a245f6,A-86902e,2023-12-28,NULL,Basic,34,646,7752,0,0,0,0,monthly,1
S-a1cc61,A-bc4d48,2024-07-04,NULL,Basic,35,665,7980,0,0,0,0,annual,1
S-9b96c2,A-02cd81,2024-05-13,NULL,Enterprise,44,8756,105072,0,0,0,0,monthly,1
S-2e79e8,A-cb5333,2024-05-16,NULL,Pro,33,0,0,1,0,0,0,monthly,1
S-f965de,A-ab438f,2024-10-20,2024-12-18,Pro,64,0,0,1,1,0,1,monthly,1
S-abff7d,A-94f8c9,2024-06-26,NULL,Basic,20,0,0,1,0,0,0,annual,1
S-791c64,A-a1b80b,2024-11-07,NULL,Pro,16,0,0,1,0,0,0,annual,1
S-7b7be8,A-d42431,2024-07-08,NULL,Basic,91,1729,20748,0,0,0,0,monthly,1
S-6055d4,A-ce550d,2024-11-13,NULL,Enterprise,35,0,0,1,0,0,0,monthly,1
S-938e4e,A-794a0b,2024-06-02,NULL,Pro,23,0,0,1,0,0,0,annual,0
S-1f3254,A-4c56c9,2024-12-29,NULL,Basic,18,342,4104,0,0,0,0,annual,1
S-2c4909,A-659280,2024-05-10,NULL,Basic,13,247,2964,0,0,0,0,monthly,0
S-e143c9,A-bd4513,2024-12-01,NULL,Pro,50,2450,29400,0,0,0,0,annual,1
S-c3213f,A-1d5444,2024-08-02,NULL,Enterprise,41,8159,97908,0,0,0,0,annual,0
S-102053,A-4e0e85,2024-04-10,NULL,Enterprise,6,1194,14328,0,0,0,0,monthly,1
S-43c2e3,A-6f8ad2,2024-08-11,NULL,Enterprise,35,6965,83580,0,1,0,0,monthly,1
S-a2b83d,A-cc8c8f,2024-07-26,NULL,Basic,23,437,5244,0,0,0,0,annual,1
S-b6793d,A-6f50ae,2024-07-19,NULL,Pro,22,1078,12936,0,0,0,0,annual,0
S-a3a1c1,A-f25509,2024-10-02,NULL,Pro,47,2303,27636,0,0,0,0,monthly,1
S-260e48,A-7f4db3,2023-07-16,NULL,Pro,10,490,5880,0,0,0,0,annual,1
S-e98296,A-6f8ad2,2024-10-22,NULL,Pro,16,784,9408,0,0,1,0,monthly,1
S-7d55dc,A-08e34e,2024-09-01,NULL,Enterprise,30,5970,71640,0,0,0,0,annual,1
S-d26ff6,A-a0ca4e,2024-12-01,NULL,Enterprise,26,5174,62088,0,0,0,0,monthly,1
S-ba8c46,A-9f0b68,2024-10-16,NULL,Pro,18,882,10584,0,1,0,0,monthly,1
S-992c2a,A-d922bf,2024-08-11,NULL,Enterprise,26,0,0,1,0,0,0,monthly,1
S-19f899,A-331424,2024-05-01,NULL,Enterprise,11,2189,26268,0,0,0,0,annual,0
S-b95751,A-02cd81,2024-04-24,NULL,Basic,44,0,0,1,0,0,0,monthly,1
S-d74a31,A-993085,2024-09-23,NULL,Pro,33,1617,19404,0,0,0,0,monthly,1
S-676254,A-854864,2024-12-31,NULL,Pro,20,980,11760,0,0,0,0,annual,1
S-3ad7c4,A-f17767,2024-01-03,2024-01-28,Pro,11,539,6468,0,1,0,1,monthly,1
S-96fb48,A-1f7acb,2024-08-27,NULL,Pro,64,3136,37632,0,0,1,0,monthly,1
S-afea79,A-05f0e5,2024-08-16,NULL,Pro,32,1568,18816,0,1,0,0,annual,0
S-c8a983,A-2d4502,2024-12-04,NULL,Pro,12,588,7056,0,0,0,0,annual,0
S-e3c3c8,A-856b1e,2023-12-30,NULL,Pro,25,1225,14700,0,1,0,0,monthly,0
S-020222,A-02fac6,2024-05-23,NULL,Pro,22,1078,12936,0,0,0,0,monthly,1
S-65c079,A-417d2f,2023-07-04,NULL,Basic,5,95,1140,0,0,0,0,annual,1
S-056af2,A-054577,2024-09-05,NULL,Enterprise,75,14925,179100,0,0,0,0,monthly,1
S-09761d,A-6843f2,2024-12-31,NULL,Pro,23,1127,13524,0,0,0,0,annual,1
S-a7d379,A-702032,2024-11-28,NULL,Basic,28,532,6384,0,0,0,0,monthly,1
S-a903ad,A-59f724,2024-06-22,NULL,Pro,27,1323,15876,0,0,0,0,annual,1
S-de3416,A-0dbdc6,2024-12-15,NULL,Pro,47,2303,27636,0,0,0,0,annual,1
S-9161b0,A-4d1e75,2024-09-14,NULL,Enterprise,62,12338,148056,0,1,0,0,monthly,1
S-f3274c,A-43a9e3,2024-02-07,NULL,Pro,18,882,10584,0,0,0,0,annual,0
S-2991c7,A-443b7c,2024-11-11,NULL,Pro,38,1862,22344,0,0,0,0,monthly,1
S-239a39,A-30b4ca,2024-07-01,NULL,Pro,86,4214,50568,0,0,0,0,monthly,1
S-19f80d,A-d62e02,2024-12-02,NULL,Basic,32,608,7296,0,0,0,0,annual,1
S-13c8b6,A-89ee83,2024-10-29,NULL,Basic,27,513,6156,0,0,0,0,monthly,1
S-d5a07a,A-19b2c8,2024-07-12,NULL,Basic,24,456,5472,0,0,0,0,annual,1
S-e5ba1c,A-39868b,2024-06-22,NULL,Enterprise,9,1791,21492,0,0,0,0,annual,1
S-e2793d,A-4c38bc,2024-10-07,NULL,Basic,36,684,8208,0,0,0,0,monthly,1
S-a37653,A-812c5b,2024-10-12,NULL,Pro,55,2695,32340,0,0,0,0,monthly,0
S-0b25d7,A-0e966d,2024-10-30,NULL,Basic,22,418,5016,0,0,0,0,monthly,1
S-75c1b4,A-5a3eb9,2024-12-10,2024-12-28,Pro,18,882,10584,0,0,0,1,annual,1
S-7262b9,A-4a4c2d,2024-10-03,NULL,Basic,54,1026,12312,0,0,0,0,monthly,1
S-6c6e62,A-5fe118,2024-12-29,NULL,Basic,39,0,0,1,0,0,0,monthly,1
S-add03a,A-0cc442,2024-12-18,NULL,Enterprise,45,8955,107460,0,0,0,0,annual,1
S-648e54,A-993085,2024-06-28,NULL,Pro,31,1519,18228,0,1,0,0,monthly,1
S-01bbfe,A-50f3f7,2024-07-12,NULL,Pro,31,1519,18228,0,0,0,0,annual,1
S-6c9dc9,A-de24d5,2024-12-26,NULL,Basic,10,190,2280,0,0,0,0,monthly,1
S-826424,A-fa2041,2024-10-30,NULL,Enterprise,18,3582,42984,0,0,0,0,annual,1
S-e64c2b,A-c16b88,2024-11-25,NULL,Enterprise,23,4577,54924,0,1,0,0,annual,0
S-c693b6,A-d4ac0e,2024-08-09,NULL,Basic,27,513,6156,0,1,0,0,monthly,0
S-096065,A-2b9d3e,2024-03-27,NULL,Enterprise,11,0,0,1,0,0,0,annual,1
S-d449e1,A-ccabf0,2024-10-15,2024-11-06,Basic,25,0,0,1,0,0,1,annual,1
S-592c0d,A-a7bd4b,2023-06-13,NULL,Pro,5,0,0,1,0,0,0,annual,1
S-ab24c6,A-4e631b,2024-10-15,NULL,Enterprise,22,4378,52536,0,0,1,0,annual,1
S-e32b34,A-4c56c9,2024-07-23,NULL,Basic,12,228,2736,0,0,0,0,monthly,1
S-191550,A-6c093d,2024-05-08,NULL,Basic,15,285,3420,0,1,0,0,monthly,1
S-c65c8b,A-bc4d48,2024-06-26,NULL,Basic,35,665,7980,0,0,0,0,annual,0
S-39e88c,A-3b37d9,2023-07-10,NULL,Pro,23,1127,13524,0,0,0,0,annual,1
S-9a08ff,A-a1bbb6,2023-06-07,NULL,Enterprise,16,3184,38208,0,0,0,0,annual,0
S-95d15a,A-9289f6,2024-12-05,NULL,Basic,13,247,2964,0,0,0,0,annual,1
S-7c5f3b,A-1e1b80,2024-04-30,NULL,Basic,50,950,11400,0,0,0,0,monthly,1
S-70af60,A-0354fe,2024-12-10,NULL,Basic,34,0,0,1,0,0,0,annual,1
S-175429,A-b54c01,2024-12-23,NULL,Basic,29,551,6612,0,0,0,0,annual,0
S-d36b9f,A-0cc442,2024-11-01,NULL,Enterprise,45,8955,107460,0,0,0,0,annual,0
S-65071f,A-b9f5b1,2024-08-11,NULL,Basic,43,817,9804,0,0,0,0,monthly,1
S-ab63e3,A-0354fe,2024-11-23,NULL,Basic,34,646,7752,0,0,0,0,annual,1
S-260d1e,A-337bc1,2024-03-05,NULL,Enterprise,31,6169,74028,0,0,0,0,annual,1
S-bdc6b7,A-7f29a7,2024-12-02,2024-12-25,Enterprise,41,8159,97908,0,0,0,1,monthly,0
S-1c3522,A-075038,2023-11-26,NULL,Pro,17,0,0,1,0,0,0,annual,1
S-891ad9,A-7988d1,2024-12-03,NULL,Basic,33,0,0,1,0,0,0,monthly,1
S-2c1ca6,A-118f1c,2024-11-11,NULL,Enterprise,32,6368,76416,0,0,0,0,monthly,0
S-11066a,A-779e4e,2023-02-12,2023-11-24,Pro,19,931,11172,0,0,0,1,annual,1
S-f4db1d,A-526d93,2024-07-05,NULL,Enterprise,43,0,0,1,0,0,0,annual,1
S-45baa6,A-0a282f,2024-10-08,NULL,Pro,4,196,2352,0,0,0,0,monthly,1
S-f74ac6,A-684255,2024-07-01,NULL,Pro,9,441,5292,0,0,0,0,monthly,1
S-bc1457,A-69b156,2024-10-06,NULL,Enterprise,7,1393,16716,0,0,1,0,annual,1
S-b8daaa,A-4bfa33,2024-12-25,NULL,Enterprise,8,0,0,1,0,0,0,annual,1
S-49aa80,A-a45270,2024-12-22,2024-12-30,Pro,3,147,1764,0,0,1,1,monthly,1
S-9740c1,A-9f0b68,2024-06-14,NULL,Enterprise,10,1990,23880,0,0,0,0,monthly,1
S-d6c9dc,A-80eeb6,2024-10-07,NULL,Basic,27,513,6156,0,0,0,0,annual,1
S-1e8c9e,A-c37cab,2024-12-13,NULL,Pro,13,637,7644,0,0,0,0,monthly,1
S-4c0b7b,A-e60f9d,2024-10-21,NULL,Basic,60,1140,13680,0,0,1,0,annual,1
S-e7b281,A-86902e,2024-05-05,NULL,Pro,34,1666,19992,0,0,0,0,monthly,1
S-761a0f,A-d792a6,2024-10-17,NULL,Enterprise,65,12935,155220,0,0,0,0,annual,1
S-859ee0,A-8bde0c,2024-12-26,NULL,Enterprise,28,5572,66864,0,0,0,0,monthly,1
S-924925,A-4d1e75,2024-11-17,NULL,Pro,31,1519,18228,0,0,0,0,monthly,0
S-c55cbb,A-798a3f,2024-09-11,NULL,Enterprise,12,0,0,1,0,0,0,monthly,1
S-872bdd,A-d3c88e,2024-10-23,NULL,Enterprise,16,3184,38208,0,0,0,0,annual,1
S-bf9b37,A-692f18,2024-05-25,NULL,Pro,6,294,3528,0,0,0,0,annual,1
S-51924b,A-67be94,2024-01-18,NULL,Basic,62,1178,14136,0,0,0,0,annual,1
S-b03125,A-fd9422,2024-12-20,NULL,Pro,58,2842,34104,0,0,1,0,annual,1
S-02ab8b,A-4e44e8,2024-11-03,NULL,Enterprise,75,14925,179100,0,0,0,0,monthly,1
S-de5d6e,A-e36807,2024-09-25,NULL,Basic,26,494,5928,0,0,0,0,monthly,1
S-e1fa5b,A-157070,2024-12-08,2024-12-25,Enterprise,16,3184,38208,0,0,0,1,monthly,1
S-b41494,A-b7724f,2023-06-03,NULL,Basic,33,627,7524,0,0,0,0,monthly,1
S-d7ccbd,A-db5e9e,2024-12-22,NULL,Pro,40,0,0,1,0,0,0,monthly,1
S-34f2f9,A-f19409,2024-09-16,NULL,Enterprise,23,4577,54924,0,0,0,0,annual,1
S-54d2a3,A-712f1c,2024-01-21,NULL,Enterprise,17,3383,40596,0,0,0,0,monthly,1
S-d1350e,A-6c093d,2024-07-27,NULL,Enterprise,61,12139,145668,0,0,0,0,annual,1
S-e76e80,A-832ec2,2024-01-02,NULL,Basic,25,0,0,1,0,0,0,monthly,1
S-f4097a,A-faa28c,2024-06-06,NULL,Enterprise,48,9552,114624,0,0,0,0,monthly,0
S-d4f02f,A-342303,2024-07-10,NULL,Pro,28,1372,16464,0,0,0,0,annual,1
S-bf3403,A-0cc442,2024-11-10,NULL,Enterprise,45,8955,107460,0,0,0,0,annual,0
S-0a83cc,A-d922bf,2024-02-16,NULL,Basic,5,0,0,1,0,0,0,annual,1
S-1a9fb7,A-b30291,2024-06-04,NULL,Enterprise,16,3184,38208,0,0,0,0,monthly,1
S-1a3627,A-86fc1d,2024-12-31,NULL,Basic,26,0,0,1,0,0,0,monthly,1
S-93f835,A-5a215a,2024-02-11,NULL,Pro,87,4263,51156,0,1,0,0,monthly,1
S-75e469,A-b78bf8,2024-12-28,NULL,Pro,33,1617,19404,0,0,0,0,monthly,1
S-409291,A-3932db,2024-10-29,NULL,Pro,36,1764,21168,0,0,0,0,annual,1
S-41cdf0,A-68f37c,2023-08-15,2023-11-03,Pro,17,0,0,1,1,0,1,monthly,1
S-5be27b,A-5b4ebb,2024-10-18,NULL,Enterprise,21,4179,50148,0,0,0,0,annual,1
S-8f7c91,A-ccb686,2024-12-11,NULL,Basic,11,209,2508,0,0,0,0,annual,1
S-aaed3e,A-e6afc1,2024-12-18,NULL,Pro,9,0,0,1,0,0,0,monthly,0
S-4fdfa3,A-5a3eb9,2024-11-09,NULL,Enterprise,18,3582,42984,0,0,0,0,monthly,1
S-f421c8,A-9badbd,2024-06-29,NULL,Basic,28,532,6384,0,0,0,0,annual,1
S-34553e,A-d49cc5,2024-06-25,NULL,Basic,50,950,11400,0,0,0,0,annual,0
S-e6a17a,A-039727,2024-12-19,2024-12-30,Enterprise,25,4975,59700,0,1,0,1,annual,1
S-9d36ff,A-2e3bad,2024-03-11,NULL,Enterprise,61,0,0,1,0,0,0,monthly,1
S-583ae2,A-726cfa,2024-01-05,NULL,Basic,17,323,3876,0,0,0,0,annual,0
S-e162d0,A-503d5a,2023-12-18,NULL,Basic,19,0,0,1,0,0,0,monthly,1
S-96383d,A-39ddf4,2024-12-29,NULL,Enterprise,40,7960,95520,0,0,0,0,annual,1
S-f0ad87,A-acb7f7,2024-10-13,NULL,Basic,32,0,0,1,0,0,0,annual,0
S-d619ad,A-bc4d48,2024-06-29,NULL,Pro,35,0,0,1,0,0,0,monthly,1
S-d65491,A-186a44,2024-12-17,NULL,Pro,20,0,0,1,0,0,0,annual,1
S-34cc51,A-118d55,2024-11-21,NULL,Basic,15,285,3420,0,0,0,0,annual,0
S-e4ba87,A-e40f45,2024-05-23,NULL,Basic,27,513,6156,0,0,0,0,annual,1
S-709484,A-bcf664,2024-08-22,NULL,Pro,8,392,4704,0,0,0,0,annual,1
S-631547,A-d82ef9,2024-11-28,NULL,Basic,26,0,0,1,0,0,0,annual,0
S-d7e65d,A-5a92e7,2024-08-30,NULL,Pro,20,980,11760,0,0,0,0,monthly,1
S-f32440,A-0a282f,2024-10-06,NULL,Basic,40,760,9120,0,0,0,0,monthly,1
S-44d025,A-d4ac0e,2024-11-29,NULL,Pro,18,882,10584,0,0,0,0,annual,1
S-e3a257,A-84ebe4,2024-02-14,NULL,Pro,18,882,10584,0,0,0,0,annual,1
S-6e0562,A-9bfc9f,2024-03-15,NULL,Pro,53,2597,31164,0,0,0,0,annual,1
S-11d378,A-f51f16,2024-02-18,NULL,Basic,24,456,5472,0,1,0,0,monthly,1
S-a69559,A-cd458b,2024-08-25,NULL,Basic,10,190,2280,0,0,0,0,monthly,0
S-984423,A-96e141,2024-08-21,NULL,Enterprise,25,4975,59700,0,0,0,0,monthly,1
S-49e3e5,A-6e7827,2023-06-11,NULL,Basic,9,171,2052,0,1,0,0,monthly,1
S-0b6e58,A-1e1b80,2024-07-05,NULL,Enterprise,50,9950,119400,0,0,0,0,annual,0
S-16ef7a,A-751c58,2024-12-16,NULL,Basic,16,0,0,1,0,0,0,monthly,1
S-3fb291,A-f51f16,2024-05-06,NULL,Enterprise,39,7761,93132,0,0,0,0,annual,1
S-f6cd70,A-2ebb4b,2023-10-14,NULL,Pro,41,2009,24108,0,0,0,0,annual,1
S-e7d026,A-0aaf6e,2024-12-25,NULL,Enterprise,88,17512,210144,0,0,0,0,annual,1
S-c2fd82,A-84ebe4,2024-06-29,2024-11-06,Enterprise,82,0,0,1,0,0,1,monthly,1
S-38131a,A-aa9511,2024-04-13,NULL,Enterprise,23,0,0,1,0,0,0,monthly,1
S-aa3a36,A-ccc747,2024-05-13,NULL,Enterprise,16,0,0,1,1,0,0,monthly,0
S-46eb1c,A-089363,2024-10-13,NULL,Basic,11,209,2508,0,0,0,0,annual,0
S-6ed77d,A-fe79a5,2024-05-22,NULL,Enterprise,9,1791,21492,0,0,0,0,monthly,1
S-f72b84,A-f44180,2024-06-22,NULL,Pro,9,441,5292,0,0,0,0,monthly,1
S-0f0d3a,A-ad296b,2024-11-16,2024-11-20,Basic,38,722,8664,0,0,0,1,annual,1
S-05b080,A-b9eed8,2024-06-21,NULL,Basic,11,209,2508,0,0,0,0,monthly,1
S-bae2c4,A-bb1486,2024-12-25,NULL,Pro,67,3283,39396,0,0,0,0,annual,1
S-8ca9f0,A-e693b6,2024-09-01,2024-09-06,Basic,55,1045,12540,0,0,0,1,annual,1
S-33eb1d,A-02fac6,2024-09-20,NULL,Enterprise,22,4378,52536,0,0,0,0,annual,0
S-45baac,A-1d5444,2024-05-31,NULL,Enterprise,24,4776,57312,0,0,0,0,monthly,0
S-e9dc6e,A-4437e4,2024-08-15,NULL,Pro,38,1862,22344,0,0,0,0,annual,1
S-871e83,A-8adedc,2024-03-21,NULL,Enterprise,14,2786,33432,0,0,0,0,annual,1
S-88a47f,A-4437e4,2024-12-23,NULL,Basic,9,171,2052,0,0,0,0,annual,1
S-9714fa,A-158f4e,2024-02-19,NULL,Pro,61,2989,35868,0,0,0,0,annual,1
S-c77c84,A-0be015,2024-12-31,NULL,Basic,19,0,0,1,0,0,0,monthly,0
S-86d360,A-b48f73,2024-11-23,NULL,Basic,80,1520,18240,0,0,0,0,monthly,1
S-c15fcc,A-fd9422,2024-08-25,2024-10-02,Basic,58,1102,13224,0,0,0,1,monthly,0
S-b0ed51,A-98a59a,2024-08-08,NULL,Enterprise,56,11144,133728,0,0,0,0,monthly,0
S-2e7756,A-b7b7b7,2024-08-27,NULL,Pro,67,3283,39396,0,0,0,0,annual,1
S-2fe253,A-1f0636,2024-02-28,2024-10-30,Pro,105,0,0,1,0,0,1,annual,1
S-a575f5,A-039727,2024-12-09,NULL,Basic,25,475,5700,0,0,0,0,annual,1
S-39bb68,A-d40bf7,2024-11-23,NULL,Basic,59,1121,13452,0,0,0,0,monthly,1
S-7685a3,A-6da850,2024-08-05,NULL,Basic,18,0,0,1,1,0,0,monthly,1
S-712f3a,A-eb1312,2024-11-20,2024-12-26,Basic,25,475,5700,0,0,0,1,monthly,1
S-dfa4c8,A-eb7fac,2024-01-21,2024-04-22,Pro,7,343,4116,0,0,0,1,annual,1
S-f3dd83,A-00bed1,2024-08-28,NULL,Enterprise,28,0,0,1,0,0,0,monthly,1
S-a900c2,A-4c56c9,2024-12-22,NULL,Enterprise,24,4776,57312,0,0,0,0,annual,0
S-302856,A-e1b9cd,2023-05-24,2024-08-25,Basic,40,760,9120,0,0,0,1,annual,1
S-51b668,A-82d8a6,2024-12-28,NULL,Basic,30,570,6840,0,0,0,0,monthly,1
S-310ae0,A-58b9ff,2024-09-13,2024-10-01,Enterprise,2,398,4776,0,0,0,1,monthly,1
S-21eeea,A-2b9d3e,2024-11-08,NULL,Pro,29,1421,17052,0,0,0,0,monthly,1
S-7b9b62,A-cb5333,2024-09-17,NULL,Pro,33,1617,19404,0,0,0,0,monthly,0
S-799da2,A-95b24a,2024-06-27,NULL,Pro,38,1862,22344,0,0,0,0,monthly,1
S-e82bdc,A-4c38bc,2024-03-17,NULL,Basic,36,684,8208,0,0,0,0,annual,1
S-879b43,A-3cc791,2024-03-26,NULL,Enterprise,6,1194,14328,0,0,0,0,monthly,1
S-6fd24b,A-7988d1,2024-08-19,NULL,Enterprise,33,6567,78804,0,0,0,0,monthly,1
S-d2e00a,A-4c56c9,2024-09-17,NULL,Enterprise,9,1791,21492,0,0,0,0,monthly,1
S-a916cb,A-eb7c38,2024-10-28,NULL,Enterprise,35,6965,83580,0,0,0,0,monthly,1
S-3fe1c3,A-0158bb,2024-10-23,NULL,Enterprise,20,0,0,1,0,0,0,monthly,1
S-dccf50,A-a09355,2024-11-28,NULL,Enterprise,23,4577,54924,0,0,0,0,annual,0
S-023f3c,A-b9eed8,2024-03-16,NULL,Enterprise,15,2985,35820,0,0,0,0,annual,0
S-c35f78,A-95b24a,2024-10-11,NULL,Pro,38,0,0,1,1,0,0,annual,1
S-eb15a1,A-2edab2,2024-11-30,NULL,Enterprise,17,3383,40596,0,0,0,0,monthly,1
S-079321,A-e1462e,2023-07-27,NULL,Pro,15,735,8820,0,0,0,0,annual,0
S-c25263,A-c7ffc2,2023-09-22,NULL,Basic,30,570,6840,0,1,0,0,annual,1
S-a86344,A-00bed1,2024-08-18,NULL,Pro,36,1764,21168,0,1,0,0,annual,1
S-4cdee1,A-8b25f2,2024-02-19,NULL,Enterprise,20,0,0,1,0,0,0,monthly,1
S-381c99,A-e7a1e2,2024-11-03,NULL,Basic,3,57,684,0,0,0,0,monthly,1
S-8e719f,A-4437e4,2024-08-16,NULL,Basic,11,209,2508,0,0,0,0,annual,1
S-d111f5,A-f03140,2024-05-25,NULL,Basic,27,513,6156,0,0,0,0,monthly,1
S-82484b,A-cab532,2024-11-22,NULL,Pro,21,1029,12348,0,0,0,0,annual,1
S-891eb4,A-716841,2024-09-20,NULL,Pro,45,2205,26460,0,0,0,0,annual,1
S-4e3e04,A-883b7d,2024-08-16,NULL,Enterprise,17,3383,40596,0,0,0,0,annual,0
S-7679b6,A-7f29a7,2024-10-14,NULL,Pro,41,2009,24108,0,0,0,0,annual,0
S-de9ce0,A-faa28c,2024-08-06,2024-12-26,Enterprise,48,9552,114624,0,0,0,1,annual,1
S-37d13a,A-029f69,2024-08-11,NULL,Enterprise,15,0,0,1,0,0,0,annual,1
S-7d0dea,A-69b156,2024-11-16,NULL,Pro,7,0,0,1,0,1,0,monthly,1
S-83c56d,A-716841,2024-12-13,NULL,Enterprise,45,8955,107460,0,0,0,0,monthly,1
S-5ee117,A-f5641b,2024-07-25,NULL,Pro,31,1519,18228,0,0,0,0,monthly,1
S-5e572d,A-94f8c9,2024-07-16,NULL,Enterprise,13,2587,31044,0,0,0,0,annual,0
S-7b29d1,A-80eeb6,2024-04-19,NULL,Enterprise,65,12935,155220,0,0,0,0,monthly,1
S-ff79f7,A-726cfa,2024-08-02,NULL,Enterprise,19,3781,45372,0,0,0,0,monthly,1
S-bb82ac,A-e19ff6,2023-10-29,NULL,Basic,38,722,8664,0,0,0,0,annual,1
S-b21a0b,A-b7ef83,2024-10-29,NULL,Pro,17,833,9996,0,0,0,0,monthly,1
S-711820,A-08e34e,2024-09-02,NULL,Basic,49,931,11172,0,0,0,0,annual,0
S-22365f,A-05f0e5,2023-06-11,NULL,Enterprise,32,6368,76416,0,0,0,0,annual,1
S-f0d2fd,A-19b2c8,2024-07-20,NULL,Enterprise,28,5572,66864,0,0,0,0,annual,1
S-f225d0,A-d4ac0e,2024-05-19,NULL,Basic,18,342,4104,0,0,0,0,annual,1
S-a10eb2,A-3c1a3f,2023-08-31,NULL,Basic,45,0,0,1,0,0,0,annual,0
S-78ffdd,A-503d5a,2023-11-07,NULL,Enterprise,12,2388,28656,0,0,0,0,monthly,1
S-97a010,A-dcc3f1,2024-03-22,NULL,Enterprise,21,0,0,1,0,0,0,monthly,1
S-7785af,A-a1b80b,2024-03-28,NULL,Enterprise,16,3184,38208,0,1,0,0,monthly,0
S-120ae3,A-781cc0,2024-09-24,NULL,Basic,34,646,7752,0,0,0,0,annual,1
S-37b59a,A-2d1036,2024-09-24,2024-12-18,Pro,69,3381,40572,0,0,0,1,annual,1
S-f36371,A-34d880,2024-07-22,NULL,Enterprise,35,6965,83580,0,0,0,0,monthly,0
S-329a60,A-c16cf7,2024-10-24,NULL,Basic,84,1596,19152,0,0,0,0,annual,1
S-5ca11a,A-309e54,2024-12-26,NULL,Enterprise,48,9552,114624,0,0,0,0,annual,1
S-c8fa77,A-56962b,2024-08-28,NULL,Basic,163,3097,37164,0,0,0,0,monthly,1
S-016b5f,A-977ca0,2024-04-08,NULL,Enterprise,6,0,0,1,0,0,0,monthly,1
S-cf2b4a,A-9f9299,2023-11-30,2024-08-15,Pro,28,1372,16464,0,0,0,1,monthly,1
S-6f1051,A-e98302,2024-02-01,NULL,Enterprise,34,6766,81192,0,0,0,0,annual,1
S-33db08,A-fa3095,2024-12-30,NULL,Basic,70,1330,15960,0,0,0,0,annual,1
S-4daf2d,A-297a2d,2024-11-05,NULL,Enterprise,27,5373,64476,0,0,0,0,annual,1
S-4ed997,A-d82ef9,2024-10-23,NULL,Pro,26,1274,15288,0,0,0,0,annual,1
S-8ae507,A-72799b,2024-03-16,NULL,Pro,20,980,11760,0,1,0,0,annual,0
S-3eb206,A-b179bf,2024-12-24,NULL,Enterprise,43,8557,102684,0,0,0,0,monthly,1
S-6643a2,A-331424,2024-01-04,NULL,Pro,11,0,0,1,0,0,0,monthly,1
S-41ca59,A-692f18,2024-07-18,NULL,Enterprise,37,7363,88356,0,0,0,0,monthly,1
S-720c17,A-4e0e85,2024-02-16,NULL,Pro,20,0,0,1,0,0,0,annual,1
S-afc545,A-0baac2,2024-10-14,NULL,Basic,33,627,7524,0,0,0,0,annual,1
S-5e6fc2,A-52dd88,2023-12-12,NULL,Basic,23,437,5244,0,0,0,0,annual,1
S-9dcef8,A-b30291,2024-09-27,NULL,Basic,41,779,9348,0,0,0,0,monthly,1
S-389426,A-922109,2024-07-04,NULL,Pro,3,147,1764,0,0,0,0,monthly,1
S-1131ff,A-0f7d77,2024-12-01,2024-12-31,Basic,3,0,0,1,0,0,1,monthly,1
S-c9da7a,A-0651a4,2024-11-10,NULL,Basic,16,304,3648,0,0,0,0,monthly,1
S-eabe72,A-5790f4,2024-12-26,NULL,Basic,33,627,7524,0,0,0,0,monthly,0
S-fffeb8,A-69fad4,2023-12-17,NULL,Enterprise,10,1990,23880,0,0,0,0,annual,1
S-92dede,A-9208f0,2023-08-28,NULL,Basic,4,76,912,0,0,0,0,monthly,1
S-8d122e,A-e6afc1,2024-07-12,NULL,Enterprise,16,3184,38208,0,0,0,0,monthly,1
S-285534,A-49b828,2024-11-09,NULL,Basic,13,247,2964,0,0,0,0,annual,1
S-1cebf9,A-dfbd31,2024-10-16,NULL,Pro,60,2940,35280,0,0,0,0,annual,1
S-36ad61,A-a09355,2024-10-19,NULL,Pro,14,686,8232,0,0,0,0,monthly,1
S-9fbee8,A-49b828,2024-10-09,NULL,Pro,10,490,5880,0,0,0,0,annual,1
S-d5d8ef,A-e51ec7,2024-10-11,NULL,Enterprise,83,16517,198204,0,0,0,0,monthly,0
S-418b7c,A-35083d,2024-10-17,NULL,Pro,19,931,11172,0,0,0,0,annual,1
S-506cbd,A-9c18c4,2023-08-29,2024-02-22,Enterprise,19,3781,45372,0,0,0,1,annual,0
S-ee5448,A-cc1d8d,2024-12-29,NULL,Basic,9,171,2052,0,0,0,0,annual,1
S-d32441,A-781cc0,2024-09-19,2024-11-24,Enterprise,12,2388,28656,0,0,0,1,annual,1
S-7f5316,A-856b1e,2024-10-17,NULL,Basic,19,0,0,1,0,0,0,monthly,1
S-bdf8bf,A-cdf020,2023-12-01,2024-09-23,Pro,31,1519,18228,0,0,0,1,monthly,1
S-795878,A-5b1bcd,2024-03-19,NULL,Enterprise,73,14527,174324,0,0,0,0,annual,1
S-2fc8fa,A-65a46c,2024-08-10,NULL,Pro,13,637,7644,0,1,0,0,monthly,0
S-c508b3,A-671f31,2024-12-24,NULL,Enterprise,59,11741,140892,0,0,0,0,annual,0
S-42d724,A-7a0d69,2024-08-01,NULL,Pro,4,0,0,1,0,0,0,annual,1
S-bd9394,A-039727,2024-11-28,NULL,Enterprise,64,0,0,1,1,0,0,annual,0
S-9b12da,A-702032,2024-12-13,2024-12-21,Pro,28,1372,16464,0,0,0,1,annual,1
S-3632aa,A-f25509,2024-05-28,NULL,Enterprise,32,6368,76416,0,0,0,0,monthly,1
S-9488ec,A-1e1b80,2023-11-02,NULL,Enterprise,50,9950,119400,0,0,0,0,annual,0
S-f40318,A-e19ff6,2024-03-25,NULL,Enterprise,14,0,0,1,0,0,0,annual,0
S-214edb,A-558c72,2024-06-25,NULL,Basic,77,1463,17556,0,0,0,0,monthly,1
S-d43a40,A-4e0e85,2024-09-20,NULL,Basic,15,0,0,1,0,0,0,annual,1
S-565c4b,A-7920cc,2023-11-27,NULL,Basic,39,741,8892,0,0,0,0,annual,1
S-1ebe39,A-0651a4,2024-11-02,NULL,Enterprise,19,3781,45372,0,0,0,0,annual,1
S-dc3bbc,A-80eeb6,2024-09-18,NULL,Pro,25,1225,14700,0,0,0,0,annual,1
S-937207,A-8bde0c,2024-12-28,NULL,Enterprise,12,2388,28656,0,0,0,0,monthly,1
S-14c8b9,A-aa9511,2023-11-29,NULL,Enterprise,33,6567,78804,0,0,0,0,monthly,1
S-fd648e,A-396e5f,2024-10-29,NULL,Pro,37,1813,21756,0,0,0,0,annual,0
S-3b3fac,A-7641d3,2024-11-21,NULL,Basic,10,190,2280,0,0,0,0,annual,1
S-561850,A-0a62f5,2024-10-23,NULL,Pro,16,784,9408,0,0,0,0,annual,1
S-2ded36,A-a1b80b,2024-09-08,NULL,Enterprise,16,3184,38208,0,1,0,0,annual,1
S-6904e6,A-39b19f,2023-02-23,NULL,Pro,16,784,9408,0,0,0,0,monthly,1
S-07f282,A-88c6ca,2024-11-19,NULL,Enterprise,5,995,11940,0,0,0,0,monthly,1
S-343743,A-2d1036,2024-08-25,NULL,Pro,69,3381,40572,0,0,0,0,annual,1
S-d92159,A-b30291,2024-12-22,NULL,Pro,5,245,2940,0,0,0,0,annual,1
S-a9916f,A-054577,2024-05-18,NULL,Pro,7,343,4116,0,0,0,0,annual,1
S-ec690c,A-328bd0,2023-10-11,NULL,Basic,18,342,4104,0,0,0,0,annual,1
S-ee2669,A-e43bf7,2024-12-29,NULL,Enterprise,44,8756,105072,0,0,0,0,annual,1
S-e6cfc1,A-1e6fc3,2024-01-11,2024-04-02,Basic,1,0,0,1,0,0,1,annual,1
S-195f9b,A-92a333,2024-02-08,NULL,Pro,14,686,8232,0,0,0,0,annual,1
S-704b48,A-a7bd4b,2023-11-15,2024-10-10,Enterprise,15,0,0,1,0,0,1,annual,0
S-a1d67e,A-bbc346,2024-12-20,NULL,Pro,20,980,11760,0,0,0,0,annual,0
S-55a3e4,A-f5641b,2024-12-21,NULL,Pro,31,1519,18228,0,0,0,0,annual,0
S-ffd591,A-157070,2024-02-11,2024-04-15,Basic,17,323,3876,0,1,0,1,monthly,1
S-f0972b,A-b7b7b7,2024-09-02,NULL,Enterprise,27,5373,64476,0,0,0,0,monthly,1
S-65491f,A-039727,2024-11-12,NULL,Pro,25,1225,14700,0,0,0,0,monthly,0
S-ad26e3,A-c37601,2024-11-04,2024-12-09,Pro,6,0,0,1,0,0,1,monthly,0
S-53fa80,A-462d45,2024-08-05,NULL,Enterprise,14,2786,33432,0,0,0,0,monthly,1
S-592443,A-c1dfe1,2024-05-01,NULL,Enterprise,26,5174,62088,0,0,1,0,monthly,0
S-6c6e91,A-2bc93d,2024-04-16,NULL,Pro,31,1519,18228,0,0,0,0,monthly,1
S-c17a35,A-1ac5e0,2024-11-25,NULL,Pro,33,1617,19404,0,0,0,0,monthly,0
S-3a79ac,A-f92792,2024-11-15,NULL,Basic,4,0,0,1,0,0,0,monthly,1
S-2f138c,A-ce66f8,2024-07-27,NULL,Pro,29,1421,17052,0,0,0,0,annual,1
S-d2b5db,A-db5e9e,2024-12-09,NULL,Pro,13,0,0,1,0,0,0,annual,0
S-b6c0a0,A-443b7c,2024-11-01,NULL,Basic,3,57,684,0,0,0,0,monthly,1
S-770018,A-149a69,2024-12-14,NULL,Enterprise,34,6766,81192,0,0,0,0,annual,0
S-18f7e5,A-2789e3,2024-12-04,NULL,Enterprise,30,5970,71640,0,0,0,0,annual,1
S-80632f,A-068fc6,2024-07-06,NULL,Pro,35,1715,20580,0,0,0,0,monthly,0
S-c0e639,A-7920cc,2024-01-07,NULL,Pro,50,0,0,1,0,0,0,annual,1
S-63606e,A-7a0d69,2024-09-28,NULL,Pro,4,196,2352,0,1,0,0,monthly,1
S-038c7d,A-712426,2024-11-10,NULL,Basic,9,0,0,1,0,0,0,monthly,1
S-0c03b0,A-39b19f,2023-11-23,NULL,Pro,36,1764,21168,0,0,0,0,monthly,0
S-18f829,A-a33200,2024-11-16,NULL,Pro,36,1764,21168,0,1,0,0,annual,1
S-4bfa1d,A-ce550d,2024-12-21,2024-12-30,Pro,35,1715,20580,0,0,0,1,monthly,1
S-c657b6,A-7c5768,2024-03-05,NULL,Enterprise,5,995,11940,0,0,0,0,annual,1
S-8b721c,A-8b25f2,2024-09-14,NULL,Enterprise,28,5572,66864,0,0,0,0,annual,1
S-290ee5,A-68f37c,2024-03-26,NULL,Basic,67,1273,15276,0,0,0,0,annual,1
S-f6f1e1,A-337bc1,2024-08-09,NULL,Basic,40,760,9120,0,1,0,0,annual,1
S-597873,A-05f0e5,2024-07-09,NULL,Enterprise,32,6368,76416,0,0,0,0,monthly,1
S-e50d84,A-0baac2,2024-12-11,NULL,Enterprise,14,2786,33432,0,0,0,0,annual,1
S-9ed535,A-4f18f0,2024-10-04,NULL,Enterprise,24,4776,57312,0,0,0,0,annual,1
S-e66f1a,A-fa2041,2024-07-16,NULL,Basic,20,0,0,1,0,0,0,monthly,1
S-c8ba3e,A-5b4ebb,2024-09-22,NULL,Basic,21,399,4788,0,0,0,0,annual,1
S-755e1b,A-e4144b,2024-12-18,NULL,Pro,41,2009,24108,0,0,0,0,annual,1
S-5cba26,A-8b25f2,2024-07-30,NULL,Basic,6,114,1368,0,0,0,0,monthly,1
S-579a24,A-32fb14,2024-09-04,NULL,Basic,26,494,5928,0,1,0,0,monthly,0
S-e561b9,A-d26ab4,2024-11-13,2024-11-30,Pro,18,882,10584,0,0,1,1,monthly,1
S-8ae804,A-0dbdc6,2024-05-05,NULL,Enterprise,50,9950,119400,0,0,0,0,monthly,1
S-d97ff1,A-7d514c,2024-03-20,NULL,Basic,17,323,3876,0,0,0,0,monthly,1
S-bb8429,A-dbc825,2024-04-27,NULL,Pro,19,931,11172,0,0,0,0,annual,1
S-78ba09,A-f97b9a,2024-11-30,NULL,Pro,54,2646,31752,0,1,0,0,annual,0
S-979365,A-bb2f49,2023-06-29,NULL,Pro,68,3332,39984,0,0,1,0,monthly,1
S-b96ee3,A-c16b88,2024-12-20,NULL,Basic,23,437,5244,0,0,0,0,monthly,1
S-70cc83,A-313be3,2024-12-16,NULL,Pro,47,2303,27636,0,0,0,0,monthly,1
S-3b29ea,A-c37cab,2024-11-26,NULL,Basic,13,247,2964,0,0,0,0,monthly,0
S-8ff318,A-e7beab,2024-12-23,2024-12-29,Pro,5,245,2940,0,0,0,1,monthly,1
S-0509b8,A-e351e1,2024-12-26,2024-12-29,Basic,33,627,7524,0,0,0,1,annual,1
S-95cf94,A-1ac5e0,2024-10-24,NULL,Basic,33,627,7524,0,0,0,0,annual,1
S-7da02b,A-f44180,2023-05-20,2023-12-19,Enterprise,89,17711,212532,0,0,0,1,annual,1
S-07ff57,A-c608c8,2024-03-11,NULL,Pro,58,2842,34104,0,0,0,0,monthly,0
S-a0ba0c,A-eb1312,2024-12-18,NULL,Basic,42,798,9576,0,0,0,0,monthly,1
S-b250cc,A-029f69,2024-11-08,NULL,Enterprise,3,597,7164,0,1,0,0,annual,1
S-d11e9f,A-186a44,2024-08-10,NULL,Basic,20,380,4560,0,0,0,0,monthly,1
S-24a63d,A-712533,2023-11-23,NULL,Basic,36,684,8208,0,0,0,0,annual,1
S-aba835,A-5b1bcd,2023-09-23,2024-11-02,Basic,73,1387,16644,0,0,0,1,annual,1
S-a0c517,A-7f6b86,2023-10-24,NULL,Pro,59,2891,34692,0,1,0,0,monthly,1
S-c3cb12,A-ce550d,2024-11-01,NULL,Enterprise,54,10746,128952,0,0,0,0,annual,0
S-a88726,A-a33200,2024-11-30,NULL,Basic,29,551,6612,0,0,0,0,annual,1
S-d7ae8c,A-72799b,2023-12-28,NULL,Basic,20,380,4560,0,1,0,0,monthly,1
S-86fd71,A-0651a4,2024-10-27,NULL,Enterprise,60,11940,143280,0,0,0,0,annual,1
S-cac22d,A-19b2c8,2023-08-06,NULL,Basic,20,380,4560,0,0,0,0,annual,1
S-f463d3,A-acb7f7,2024-03-24,NULL,Enterprise,32,6368,76416,0,1,0,0,monthly,1
S-6ceec5,A-7e0a10,2024-07-24,NULL,Basic,46,874,10488,0,0,0,0,annual,1
S-9220c9,A-417d2f,2024-06-23,NULL,Pro,4,196,2352,0,0,0,0,monthly,1
S-d97185,A-592832,2024-12-22,NULL,Pro,37,1813,21756,0,0,0,0,annual,1
S-0e3b42,A-cb5333,2024-06-02,2024-06-12,Pro,33,1617,19404,0,0,1,1,annual,0
S-1ad0ca,A-ed510f,2024-04-09,NULL,Enterprise,42,8358,100296,0,0,0,0,annual,1
S-21e372,A-4e960a,2024-09-23,NULL,Basic,12,228,2736,0,0,0,0,monthly,1
S-05624a,A-c37cab,2024-10-26,NULL,Pro,13,637,7644,0,0,0,0,annual,1
S-44a7c3,A-50f3f7,2024-10-23,NULL,Enterprise,31,6169,74028,0,0,0,0,monthly,1
S-a9e864,A-44dc83,2024-09-24,NULL,Basic,17,0,0,1,0,0,0,annual,1
S-5e558a,A-10b8f2,2023-10-07,NULL,Enterprise,47,9353,112236,0,0,0,0,annual,1
S-ea5984,A-977ca0,2023-02-20,NULL,Enterprise,6,1194,14328,0,0,0,0,annual,1
S-d6d433,A-5247b3,2024-06-14,2024-11-19,Basic,16,0,0,1,0,0,1,annual,1
S-d93967,A-075038,2024-01-11,NULL,Pro,50,2450,29400,0,0,0,0,monthly,0
S-0e8ae2,A-4814a3,2024-11-24,NULL,Pro,87,0,0,1,0,0,0,monthly,1
S-5eb846,A-2789e3,2024-12-10,NULL,Pro,11,539,6468,0,0,0,0,monthly,0
S-472fda,A-883b7d,2024-08-19,NULL,Pro,27,1323,15876,0,0,0,0,annual,1
S-afc4cb,A-86fc1d,2024-10-16,NULL,Basic,26,494,5928,0,0,0,0,monthly,1
S-a69aed,A-0b0d6d,2024-12-30,NULL,Basic,3,57,684,0,0,0,0,monthly,1
S-41f762,A-faa28c,2024-02-15,NULL,Basic,48,0,0,1,0,0,0,monthly,1
S-853f5d,A-bcf664,2023-12-01,NULL,Basic,13,247,2964,0,0,0,0,monthly,1
S-35a22f,A-b07b56,2024-12-19,NULL,Pro,34,1666,19992,0,0,0,0,annual,1
S-fd04d6,A-b07346,2024-12-28,NULL,Enterprise,51,0,0,1,0,0,0,annual,1
S-5ed35a,A-32fb14,2024-03-16,2024-04-21,Basic,47,893,10716,0,0,0,1,monthly,1
S-2ddf94,A-19b2c8,2024-01-05,NULL,Enterprise,20,3980,47760,0,0,0,0,annual,0
S-02be35,A-e08cd3,2024-10-01,2024-12-21,Pro,67,3283,39396,0,0,0,1,monthly,1
S-6e0edc,A-a1b80b,2024-09-07,NULL,Enterprise,16,3184,38208,0,0,0,0,annual,1
S-01990c,A-d62e02,2024-11-22,NULL,Enterprise,16,3184,38208,0,0,0,0,monthly,1
S-28eb12,A-d535f6,2024-11-20,NULL,Pro,12,588,7056,0,0,0,0,monthly,0
S-5e06b2,A-5247b3,2024-04-17,NULL,Pro,16,0,0,1,0,0,0,monthly,1
S-a01aad,A-5f7781,2024-10-14,NULL,Enterprise,22,4378,52536,0,0,0,0,monthly,1
S-e42331,A-94f8c9,2024-07-25,NULL,Enterprise,23,0,0,1,0,0,0,annual,1
S-36ee88,A-fabe19,2024-11-23,NULL,Enterprise,31,6169,74028,0,0,0,0,monthly,1
S-b147b9,A-fce879,2024-12-13,NULL,Basic,21,399,4788,0,0,0,0,annual,1
S-fc44ed,A-f5641b,2024-05-23,NULL,Enterprise,31,6169,74028,0,0,0,0,annual,1
S-3ee7c3,A-cdf020,2024-04-06,2024-11-10,Enterprise,23,4577,54924,0,0,0,1,monthly,0
S-7a9d40,A-157070,2024-12-18,2024-12-26,Basic,38,722,8664,0,0,0,1,annual,1
S-53d6be,A-993085,2024-05-11,NULL,Enterprise,31,0,0,1,0,0,0,monthly,1
S-dbd6b9,A-cea1f0,2024-11-19,NULL,Pro,8,0,0,1,0,0,0,annual,1
S-e63c67,A-1f7acb,2024-07-03,NULL,Pro,64,3136,37632,0,0,0,0,annual,1
S-82eb3e,A-49b828,2024-07-18,NULL,Enterprise,6,1194,14328,0,0,0,0,annual,0
S-5a18e5,A-3d957b,2024-08-05,NULL,Enterprise,14,2786,33432,0,1,0,0,monthly,1
S-193d88,A-4437e4,2024-10-12,NULL,Enterprise,6,1194,14328,0,1,1,0,annual,1
S-29b014,A-a1b80b,2024-07-15,NULL,Pro,36,1764,21168,0,0,0,0,annual,1
S-7ce677,A-2e4581,2024-10-20,NULL,Pro,9,441,5292,0,0,0,0,monthly,1
S-7f7e38,A-bb1486,2024-11-13,NULL,Pro,42,2058,24696,0,0,0,0,monthly,1
S-c5723e,A-544d0a,2024-06-27,NULL,Basic,11,209,2508,0,0,0,0,annual,1
S-388190,A-d40bf7,2024-12-27,NULL,Enterprise,59,11741,140892,0,0,0,0,annual,0
S-da0fb6,A-d77f4c,2024-07-04,NULL,Enterprise,55,10945,131340,0,0,0,0,monthly,1
S-95c467,A-c37601,2024-11-02,NULL,Pro,10,490,5880,0,0,0,0,annual,1
S-15a058,A-9208f0,2023-09-29,2024-04-03,Pro,2,98,1176,0,0,0,1,monthly,1
S-67474a,A-7d514c,2024-06-13,NULL,Pro,17,833,9996,0,0,0,0,monthly,1
S-8c767b,A-b07b56,2024-12-03,2024-12-09,Enterprise,29,0,0,1,0,0,1,monthly,1
S-5bde76,A-cb5333,2024-09-08,NULL,Pro,33,1617,19404,0,0,0,0,monthly,1
S-746e1b,A-90a8c8,2024-09-17,NULL,Enterprise,73,14527,174324,0,0,0,0,annual,1
S-460deb,A-832ec2,2024-11-27,NULL,Enterprise,22,4378,52536,0,1,0,0,annual,0
S-62af97,A-05f0e5,2023-06-30,NULL,Pro,46,2254,27048,0,0,0,0,annual,0
S-7b01d4,A-cbbe12,2024-06-08,NULL,Pro,49,2401,28812,0,1,0,0,monthly,1
S-59f6b6,A-dec005,2024-11-10,NULL,Basic,21,399,4788,0,1,0,0,monthly,0
S-8013f6,A-6a7c9d,2024-12-11,2024-12-20,Basic,47,893,10716,0,0,0,1,monthly,1
S-dcd084,A-d27f50,2024-12-05,2024-12-09,Enterprise,48,9552,114624,0,0,0,1,annual,1
S-8e6903,A-bd4708,2024-09-15,NULL,Basic,37,703,8436,0,0,0,0,monthly,0
S-a96f6c,A-b30291,2024-10-23,NULL,Pro,13,0,0,1,0,0,0,monthly,1
S-7730b1,A-e51ec7,2024-05-01,NULL,Pro,4,196,2352,0,0,0,0,annual,1
S-62f048,A-c45b23,2024-02-13,NULL,Pro,7,343,4116,0,0,0,0,monthly,1
S-4f56f5,A-922109,2024-11-13,NULL,Enterprise,3,597,7164,0,0,0,0,monthly,1
S-851743,A-443b7c,2024-10-27,NULL,Pro,13,637,7644,0,1,0,0,monthly,1
S-8bfab5,A-af0cd2,2024-05-30,2024-12-14,Pro,19,931,11172,0,0,0,1,monthly,1
S-f5d8ce,A-756192,2023-10-27,NULL,Pro,19,931,11172,0,0,0,0,monthly,0
S-58a152,A-90a8c8,2024-12-03,NULL,Enterprise,15,2985,35820,0,0,0,0,monthly,0
S-ec41f7,A-8bde0c,2024-12-13,NULL,Enterprise,19,3781,45372,0,1,0,0,monthly,1
S-8a4156,A-5a184f,2023-08-31,NULL,Pro,19,0,0,1,0,0,0,annual,1
S-b0af8f,A-ff79f2,2024-10-17,NULL,Enterprise,8,0,0,1,0,0,0,monthly,1
S-6cafdf,A-6f8ad2,2024-12-27,NULL,Pro,7,343,4116,0,0,0,0,annual,0
S-708924,A-7a0d69,2024-09-12,NULL,Basic,22,0,0,1,0,0,0,annual,1
S-fced99,A-39b19f,2024-10-03,NULL,Enterprise,42,0,0,1,0,0,0,monthly,1
S-8c61f4,A-72799b,2024-04-17,NULL,Basic,34,646,7752,0,0,0,0,annual,0
S-2daa17,A-c62e55,2024-05-05,NULL,Enterprise,15,2985,35820,0,0,0,0,monthly,1
S-81fe83,A-b48f73,2024-11-15,NULL,Basic,80,1520,18240,0,0,0,0,monthly,1
S-53f831,A-82861f,2024-07-29,NULL,Basic,41,779,9348,0,0,0,0,monthly,0
S-fe0c52,A-6f8ad2,2024-07-22,NULL,Basic,29,0,0,1,0,0,0,monthly,0
S-6d3f0b,A-82d8a6,2024-12-16,NULL,Basic,36,684,8208,0,0,0,0,annual,1
S-25b756,A-d82ef9,2024-07-30,NULL,Pro,58,2842,34104,0,1,0,0,annual,1
S-c899a3,A-2446e3,2024-01-21,NULL,Pro,27,1323,15876,0,0,1,0,monthly,1
S-05ef15,A-d42431,2024-10-24,NULL,Basic,35,665,7980,0,0,0,0,monthly,1
S-8ececc,A-533452,2024-12-15,NULL,Pro,9,441,5292,0,0,0,0,annual,1
S-a24db6,A-96215d,2024-09-13,NULL,Enterprise,14,2786,33432,0,1,0,0,monthly,1
S-9acc7f,A-4437e4,2024-07-10,NULL,Enterprise,16,3184,38208,0,0,0,0,monthly,1
S-bb1a91,A-5c046d,2024-08-18,NULL,Basic,93,1767,21204,0,0,0,0,annual,1
S-80c296,A-e888d1,2024-12-19,NULL,Pro,17,833,9996,0,0,0,0,monthly,1
S-275d57,A-b3fe05,2024-11-11,NULL,Basic,15,285,3420,0,0,0,0,monthly,1
S-6ca46a,A-0cc442,2024-09-25,NULL,Enterprise,53,10547,126564,0,1,0,0,annual,1
S-98845b,A-db5e9e,2024-11-15,NULL,Basic,42,798,9576,0,0,0,0,annual,1
S-fb285f,A-82d8a6,2024-12-22,NULL,Basic,32,608,7296,0,0,0,0,annual,1
S-da9f05,A-151c9a,2023-05-08,NULL,Pro,23,1127,13524,0,0,1,0,annual,1
S-9f38a5,A-cc102e,2024-05-30,NULL,Basic,13,247,2964,0,0,0,0,monthly,1
S-dc7143,A-3ce5b8,2024-04-28,NULL,Enterprise,14,2786,33432,0,0,0,0,monthly,1
S-68ecd5,A-684255,2024-08-18,NULL,Enterprise,9,1791,21492,0,0,0,0,annual,1
S-601bbe,A-0532a9,2024-11-26,NULL,Pro,21,1029,12348,0,1,0,0,monthly,0
S-a34e37,A-10b8da,2024-04-27,NULL,Enterprise,23,0,0,1,0,0,0,annual,1
S-0a70a3,A-5b051a,2024-10-21,2024-12-24,Basic,22,418,5016,0,0,0,1,annual,1
S-de543d,A-1e50e0,2023-04-25,2024-01-13,Enterprise,19,0,0,1,0,0,1,annual,1
S-084e4f,A-054577,2024-11-22,NULL,Basic,25,475,5700,0,0,0,0,annual,0
S-febd10,A-e61e98,2024-01-05,NULL,Pro,32,0,0,1,0,0,0,annual,1
S-25a969,A-c9bb3e,2024-06-02,NULL,Basic,15,285,3420,0,0,0,0,annual,1
S-5d299e,A-560d27,2024-10-25,NULL,Enterprise,23,4577,54924,0,0,0,0,monthly,1
S-5a1fc3,A-05d3b3,2024-01-29,NULL,Enterprise,13,2587,31044,0,0,0,0,monthly,1
S-af854c,A-cab532,2024-02-16,NULL,Enterprise,58,0,0,1,0,0,0,annual,1
S-70b1cf,A-4ae22a,2024-09-24,NULL,Basic,28,532,6384,0,0,0,0,monthly,1
S-feaca1,A-2ebb4b,2023-10-03,NULL,Enterprise,65,12935,155220,0,0,0,0,monthly,1
S-f1aa04,A-7f4db3,2023-07-24,NULL,Pro,7,343,4116,0,0,0,0,monthly,1
S-ca0eb1,A-6e08f3,2023-07-25,NULL,Enterprise,24,0,0,1,0,0,0,monthly,1
S-a4b1af,A-17939a,2024-12-26,NULL,Enterprise,13,2587,31044,0,0,0,0,monthly,1
S-b15faf,A-3a5ad8,2024-05-15,NULL,Basic,95,1805,21660,0,0,0,0,monthly,1
S-108282,A-49b828,2024-03-26,NULL,Pro,30,1470,17640,0,0,0,0,annual,1
S-9b623b,A-712426,2024-12-08,NULL,Enterprise,13,2587,31044,0,0,0,0,annual,1
S-b28ec2,A-ee42db,2023-11-03,NULL,Basic,33,627,7524,0,0,0,0,monthly,0
S-d1ef4d,A-3a5ad8,2023-12-18,NULL,Enterprise,9,0,0,1,0,0,0,annual,1
S-c4a98e,A-ced9aa,2024-12-16,NULL,Enterprise,5,995,11940,0,0,0,0,monthly,1
S-bff8c5,A-202b67,2024-07-18,NULL,Basic,11,209,2508,0,0,0,0,monthly,1
S-3401bf,A-1619f8,2024-06-09,NULL,Enterprise,55,10945,131340,0,0,0,0,annual,1
S-a583df,A-84ebe4,2024-08-07,NULL,Enterprise,45,8955,107460,0,0,0,0,annual,1
S-f80617,A-d4ac0e,2024-10-28,2024-12-16,Basic,18,342,4104,0,0,0,1,annual,1
S-e7e013,A-241e75,2024-08-07,NULL,Basic,18,342,4104,0,0,0,0,monthly,0
S-4d2392,A-e61e98,2023-11-05,NULL,Pro,19,931,11172,0,1,0,0,monthly,0
S-f6b264,A-4a4c2d,2024-02-02,NULL,Pro,54,2646,31752,0,0,0,0,monthly,0
S-c8fd93,A-0354fe,2024-11-16,2024-11-20,Basic,34,646,7752,0,1,0,1,monthly,1
S-f60667,A-b7ef83,2024-09-18,NULL,Enterprise,5,995,11940,0,1,0,0,annual,1
S-8e602b,A-a33200,2024-10-26,NULL,Pro,29,1421,17052,0,0,0,0,monthly,0
S-2ba4ee,A-cab532,2024-05-21,NULL,Basic,20,0,0,1,0,0,0,annual,1
S-ed75af,A-1f0636,2024-06-09,NULL,Pro,105,5145,61740,0,1,0,0,monthly,1
S-214d98,A-560d27,2024-06-01,NULL,Pro,23,1127,13524,0,0,0,0,annual,0
S-343642,A-3cc791,2024-01-31,NULL,Basic,25,0,0,1,0,0,0,annual,0
S-f5c7b2,A-f44180,2023-03-25,NULL,Enterprise,9,1791,21492,0,0,0,0,annual,1
S-33df6f,A-0baac2,2024-12-11,2024-12-12,Enterprise,14,2786,33432,0,0,0,1,monthly,1
S-9225ac,A-eafc6e,2024-09-28,NULL,Pro,31,0,0,1,0,0,0,annual,1
S-a332ba,A-69b156,2024-04-15,2024-07-09,Pro,7,343,4116,0,0,0,1,annual,0
S-c2168a,A-37f969,2024-08-22,NULL,Basic,30,570,6840,0,0,0,0,monthly,1
S-31090f,A-328bd0,2024-08-20,NULL,Basic,18,342,4104,0,0,0,0,monthly,0
S-f316d5,A-f25509,2024-12-26,NULL,Basic,57,1083,12996,0,0,1,0,annual,1
S-6d0817,A-fa2041,2024-08-19,NULL,Pro,21,1029,12348,0,0,0,0,monthly,1
S-b63db8,A-faa28c,2024-09-18,NULL,Enterprise,48,9552,114624,0,0,0,0,monthly,0
S-cfcd07,A-4a267b,2024-08-29,NULL,Basic,25,0,0,1,0,0,0,annual,1
S-c192eb,A-ff79f2,2024-10-19,NULL,Enterprise,83,16517,198204,0,0,0,0,monthly,1
S-bfc0f8,A-7cfe77,2024-08-10,NULL,Basic,69,1311,15732,0,0,0,0,monthly,1
S-90525e,A-ed510f,2024-04-21,NULL,Enterprise,42,8358,100296,0,0,0,0,annual,1
S-4d9bfd,A-2bc93d,2024-08-31,NULL,Enterprise,14,0,0,1,0,0,0,annual,1
S-741431,A-6e7827,2024-08-30,NULL,Enterprise,11,2189,26268,0,0,0,0,monthly,1
S-c3660c,A-779e4e,2024-07-18,NULL,Pro,5,245,2940,0,0,0,0,monthly,1
S-9a8d01,A-751c58,2024-08-30,NULL,Pro,33,1617,19404,0,1,0,0,monthly,0
S-18e3a5,A-c43359,2024-11-25,2024-11-28,Basic,38,722,8664,0,0,0,1,annual,1
S-a04ba5,A-afa505,2024-06-02,NULL,Enterprise,70,13930,167160,0,0,0,0,annual,1
S-be601b,A-8ae05d,2024-07-07,NULL,Basic,86,1634,19608,0,0,0,0,monthly,1
S-951de6,A-ccb686,2024-05-04,2024-10-10,Basic,10,190,2280,0,0,0,1,annual,1
S-665df9,A-a0ca4e,2024-10-28,NULL,Pro,11,539,6468,0,0,0,0,annual,1
S-a0f3f7,A-c37cab,2024-07-30,NULL,Enterprise,21,4179,50148,0,0,0,0,annual,1
S-e090ae,A-e2cd1b,2024-05-25,NULL,Enterprise,15,2985,35820,0,0,0,0,annual,1
S-dad08c,A-977ca0,2024-04-14,NULL,Pro,20,0,0,1,0,0,0,monthly,1
S-053142,A-ffc04f,2024-11-06,NULL,Basic,16,304,3648,0,0,0,0,monthly,1
S-5a6941,A-4a267b,2024-09-22,NULL,Pro,25,1225,14700,0,0,0,0,monthly,1
S-856241,A-32fb14,2023-09-12,NULL,Basic,26,494,5928,0,0,0,0,monthly,1
S-eaa2c2,A-2ebb4b,2024-05-06,NULL,Basic,41,779,9348,0,0,0,0,monthly,1
S-e567db,A-716841,2024-05-14,NULL,Enterprise,45,0,0,1,0,0,0,annual,1
S-94fc5d,A-86902e,2023-07-30,NULL,Basic,34,0,0,1,0,0,0,monthly,1
S-474b5a,A-05d3b3,2023-11-26,NULL,Basic,11,209,2508,0,0,0,0,annual,0
S-bf304b,A-89ee83,2024-12-27,NULL,Enterprise,18,3582,42984,0,0,0,0,monthly,1
S-b22602,A-b9f5b1,2024-05-04,2024-09-29,Enterprise,39,0,0,1,0,0,1,annual,1
